日期,细分代码,细分名称,房晚,房晚占比,客房收入,平均ADR
2025-01-01,FIT-WI,上门散客,20,8.1,13997.0,700.0
2025-01-01,FIT-DIR,官网小程序直销,45,18.2,28628.0,636.0
2025-01-01,FIT-OTA,OTA散客,80,32.4,46716.0,584.0
2025-01-01,CORP,协议公司客户,49,19.8,25561.0,522.0
2025-01-01,LOY,会员忠诚计划,33,13.4,18283.0,554.0
2025-01-01,GRP,团队旅游会议,21,8.5,9712.0,462.0
2025-01-01,LNG,长住客,5,2.0,1835.0,367.0
2025-01-02,FIT-WI,上门散客,12,8.6,6404.0,534.0
2025-01-02,FIT-DIR,官网小程序直销,22,15.7,11395.0,518.0
2025-01-02,FIT-OTA,OTA散客,47,33.6,21237.0,452.0
2025-01-02,CORP,协议公司客户,29,20.7,11540.0,398.0
2025-01-02,LOY,会员忠诚计划,16,11.4,7035.0,440.0
2025-01-02,GRP,团队旅游会议,11,7.9,3948.0,359.0
2025-01-02,LNG,长住客,3,2.1,889.0,296.0
2025-01-03,FIT-WI,上门散客,14,8.5,8537.0,610.0
2025-01-03,FIT-DIR,官网小程序直销,28,17.1,14942.0,534.0
2025-01-03,FIT-OTA,OTA散客,50,30.5,24238.0,485.0
2025-01-03,CORP,协议公司客户,33,20.1,13965.0,423.0
2025-01-03,LOY,会员忠诚计划,19,11.6,9020.0,475.0
2025-01-03,GRP,团队旅游会议,13,7.9,4852.0,373.0
2025-01-03,LNG,长住客,4,2.4,1244.0,311.0
2025-01-04,FIT-WI,上门散客,14,8.3,7922.0,566.0
2025-01-04,FIT-DIR,官网小程序直销,26,15.4,14233.0,547.0
2025-01-04,FIT-OTA,OTA散客,54,32.0,27184.0,503.0
2025-01-04,CORP,协议公司客户,39,23.1,16443.0,422.0
2025-01-04,LOY,会员忠诚计划,19,11.2,8925.0,470.0
2025-01-04,GRP,团队旅游会议,13,7.7,4581.0,352.0
2025-01-04,LNG,长住客,4,2.4,1244.0,311.0
2025-01-05,FIT-WI,上门散客,15,9.0,8358.0,557.0
2025-01-05,FIT-DIR,官网小程序直销,26,15.7,13046.0,502.0
2025-01-05,FIT-OTA,OTA散客,50,30.1,23668.0,473.0
2025-01-05,CORP,协议公司客户,39,23.5,16064.0,412.0
2025-01-05,LOY,会员忠诚计划,18,10.8,7939.0,441.0
2025-01-05,GRP,团队旅游会议,15,9.0,5287.0,352.0
2025-01-05,LNG,长住客,3,1.8,850.0,283.0
2025-01-06,FIT-WI,上门散客,11,8.0,5752.0,523.0
2025-01-06,FIT-DIR,官网小程序直销,21,15.3,10489.0,499.0
2025-01-06,FIT-OTA,OTA散客,45,32.8,19503.0,433.0
2025-01-06,CORP,协议公司客户,29,21.2,10834.0,374.0
2025-01-06,LOY,会员忠诚计划,18,13.1,7889.0,438.0
2025-01-06,GRP,团队旅游会议,12,8.8,3950.0,329.0
2025-01-06,LNG,长住客,3,2.2,815.0,272.0
2025-01-07,FIT-WI,上门散客,12,8.8,6539.0,545.0
2025-01-07,FIT-DIR,官网小程序直销,22,16.2,10895.0,495.0
2025-01-07,FIT-OTA,OTA散客,40,29.4,18669.0,467.0
2025-01-07,CORP,协议公司客户,28,20.6,10706.0,382.0
2025-01-07,LOY,会员忠诚计划,17,12.5,7407.0,436.0
2025-01-07,GRP,团队旅游会议,11,8.1,3745.0,340.0
2025-01-07,LNG,长住客,3,2.2,887.0,296.0
2025-01-08,FIT-WI,上门散客,11,7.9,6021.0,547.0
2025-01-08,FIT-DIR,官网小程序直销,25,17.9,12381.0,495.0
2025-01-08,FIT-OTA,OTA散客,40,28.6,17829.0,446.0
2025-01-08,CORP,协议公司客户,32,22.9,12728.0,398.0
2025-01-08,LOY,会员忠诚计划,17,12.1,7514.0,442.0
2025-01-08,GRP,团队旅游会议,12,8.6,3853.0,321.0
2025-01-08,LNG,长住客,3,2.1,815.0,272.0
2025-01-09,FIT-WI,上门散客,13,8.6,7051.0,542.0
2025-01-09,FIT-DIR,官网小程序直销,27,17.8,13075.0,484.0
2025-01-09,FIT-OTA,OTA散客,49,32.2,21370.0,436.0
2025-01-09,CORP,协议公司客户,34,22.4,13509.0,397.0
2025-01-09,LOY,会员忠诚计划,17,11.2,7496.0,441.0
2025-01-09,GRP,团队旅游会议,12,7.9,3988.0,332.0
2025-01-09,LNG,长住客,3,2.0,845.0,282.0
2025-01-10,FIT-WI,上门散客,13,8.5,7552.0,581.0
2025-01-10,FIT-DIR,官网小程序直销,26,17.0,13714.0,527.0
2025-01-10,FIT-OTA,OTA散客,48,31.4,22485.0,468.0
2025-01-10,CORP,协议公司客户,32,20.9,12932.0,404.0
2025-01-10,LOY,会员忠诚计划,18,11.8,8683.0,482.0
2025-01-10,GRP,团队旅游会议,11,7.2,3860.0,351.0
2025-01-10,LNG,长住客,3,2.0,914.0,305.0
2025-01-11,FIT-WI,上门散客,16,8.7,9062.0,566.0
2025-01-11,FIT-DIR,官网小程序直销,31,16.8,15716.0,507.0
2025-01-11,FIT-OTA,OTA散客,56,30.4,27823.0,497.0
2025-01-11,CORP,协议公司客户,43,23.4,17325.0,403.0
2025-01-11,LOY,会员忠诚计划,21,11.4,9701.0,462.0
2025-01-11,GRP,团队旅游会议,15,8.2,5507.0,367.0
2025-01-11,LNG,长住客,3,1.6,906.0,302.0
2025-01-12,FIT-WI,上门散客,13,8.2,6742.0,519.0
2025-01-12,FIT-DIR,官网小程序直销,25,15.7,11993.0,480.0
2025-01-12,FIT-OTA,OTA散客,50,31.4,21870.0,437.0
2025-01-12,CORP,协议公司客户,33,20.8,12638.0,383.0
2025-01-12,LOY,会员忠诚计划,20,12.6,8846.0,442.0
2025-01-12,GRP,团队旅游会议,12,7.5,3887.0,324.0
2025-01-12,LNG,长住客,3,1.9,841.0,280.0
2025-01-13,FIT-WI,上门散客,10,7.2,4937.0,494.0
2025-01-13,FIT-DIR,官网小程序直销,25,18.1,11359.0,454.0
2025-01-13,FIT-OTA,OTA散客,40,29.0,17097.0,427.0
2025-01-13,CORP,协议公司客户,29,21.0,10643.0,367.0
2025-01-13,LOY,会员忠诚计划,15,10.9,6404.0,427.0
2025-01-13,GRP,团队旅游会议,10,7.2,3090.0,309.0
2025-01-13,LNG,长住客,3,2.2,833.0,278.0
2025-01-14,FIT-WI,上门散客,11,7.7,6269.0,570.0
2025-01-14,FIT-DIR,官网小程序直销,24,16.8,12456.0,519.0
2025-01-14,FIT-OTA,OTA散客,42,29.4,18659.0,444.0
2025-01-14,CORP,协议公司客户,34,23.8,13815.0,406.0
2025-01-14,LOY,会员忠诚计划,18,12.6,8138.0,452.0
2025-01-14,GRP,团队旅游会议,11,7.7,3909.0,355.0
2025-01-14,LNG,长住客,3,2.1,864.0,288.0
2025-01-15,FIT-WI,上门散客,11,8.0,5771.0,525.0
2025-01-15,FIT-DIR,官网小程序直销,22,15.9,10221.0,465.0
2025-01-15,FIT-OTA,OTA散客,41,29.7,17808.0,434.0
2025-01-15,CORP,协议公司客户,32,23.2,11693.0,365.0
2025-01-15,LOY,会员忠诚计划,18,13.0,7642.0,425.0
2025-01-15,GRP,团队旅游会议,11,8.0,3558.0,323.0
2025-01-15,LNG,长住客,3,2.2,855.0,285.0
2025-01-16,FIT-WI,上门散客,11,7.1,5925.0,539.0
2025-01-16,FIT-DIR,官网小程序直销,28,18.1,13448.0,480.0
2025-01-16,FIT-OTA,OTA散客,49,31.6,21291.0,435.0
2025-01-16,CORP,协议公司客户,31,20.0,11776.0,380.0
2025-01-16,LOY,会员忠诚计划,19,12.3,8244.0,434.0
2025-01-16,GRP,团队旅游会议,11,7.1,3600.0,327.0
2025-01-16,LNG,长住客,3,1.9,810.0,270.0
2025-01-17,FIT-WI,上门散客,11,7.3,6111.0,556.0
2025-01-17,FIT-DIR,官网小程序直销,25,16.6,13060.0,522.0
2025-01-17,FIT-OTA,OTA散客,45,29.8,20655.0,459.0
2025-01-17,CORP,协议公司客户,36,23.8,14330.0,398.0
2025-01-17,LOY,会员忠诚计划,17,11.3,7906.0,465.0
2025-01-17,GRP,团队旅游会议,13,8.6,4440.0,342.0
2025-01-17,LNG,长住客,3,2.0,866.0,289.0
2025-01-18,FIT-WI,上门散客,14,8.1,8195.0,585.0
2025-01-18,FIT-DIR,官网小程序直销,28,16.3,15632.0,558.0
2025-01-18,FIT-OTA,OTA散客,57,33.1,27587.0,484.0
2025-01-18,CORP,协议公司客户,41,23.8,17516.0,427.0
2025-01-18,LOY,会员忠诚计划,21,12.2,9948.0,474.0
2025-01-18,GRP,团队旅游会议,14,8.1,5393.0,385.0
2025-01-18,LNG,长住客,3,1.7,964.0,321.0
2025-01-19,FIT-WI,上门散客,13,8.6,7040.0,542.0
2025-01-19,FIT-DIR,官网小程序直销,28,18.5,13975.0,499.0
2025-01-19,FIT-OTA,OTA散客,49,32.5,21792.0,445.0
2025-01-19,CORP,协议公司客户,36,23.8,13637.0,379.0
2025-01-19,LOY,会员忠诚计划,18,11.9,7946.0,441.0
2025-01-19,GRP,团队旅游会议,12,7.9,4096.0,341.0
2025-01-19,LNG,长住客,3,2.0,884.0,295.0
2025-01-20,FIT-WI,上门散客,11,8.1,6110.0,555.0
2025-01-20,FIT-DIR,官网小程序直销,21,15.4,9986.0,476.0
2025-01-20,FIT-OTA,OTA散客,43,31.6,18424.0,428.0
2025-01-20,CORP,协议公司客户,33,24.3,12580.0,381.0
2025-01-20,LOY,会员忠诚计划,16,11.8,6986.0,437.0
2025-01-20,GRP,团队旅游会议,12,8.8,4074.0,340.0
2025-01-20,LNG,长住客,3,2.2,816.0,272.0
2025-01-21,FIT-WI,上门散客,12,8.2,6325.0,527.0
2025-01-21,FIT-DIR,官网小程序直销,22,15.1,10613.0,482.0
2025-01-21,FIT-OTA,OTA散客,42,28.8,19088.0,454.0
2025-01-21,CORP,协议公司客户,29,19.9,10837.0,374.0
2025-01-21,LOY,会员忠诚计划,19,13.0,7952.0,419.0
2025-01-21,GRP,团队旅游会议,12,8.2,4059.0,338.0
2025-01-21,LNG,长住客,3,2.1,812.0,271.0
2025-01-22,FIT-WI,上门散客,11,7.3,5913.0,538.0
2025-01-22,FIT-DIR,官网小程序直销,25,16.6,12052.0,482.0
2025-01-22,FIT-OTA,OTA散客,46,30.5,20396.0,443.0
2025-01-22,CORP,协议公司客户,31,20.5,11867.0,383.0
2025-01-22,LOY,会员忠诚计划,16,10.6,6617.0,414.0
2025-01-22,GRP,团队旅游会议,12,7.9,3898.0,325.0
2025-01-22,LNG,长住客,3,2.0,848.0,283.0
2025-01-23,FIT-WI,上门散客,12,8.5,6399.0,533.0
2025-01-23,FIT-DIR,官网小程序直销,24,17.0,11520.0,480.0
2025-01-23,FIT-OTA,OTA散客,45,31.9,19496.0,433.0
2025-01-23,CORP,协议公司客户,33,23.4,12728.0,386.0
2025-01-23,LOY,会员忠诚计划,17,12.1,7149.0,421.0
2025-01-23,GRP,团队旅游会议,12,8.5,3806.0,317.0
2025-01-23,LNG,长住客,3,2.1,850.0,283.0
2025-01-24,FIT-WI,上门散客,14,8.6,7712.0,551.0
2025-01-24,FIT-DIR,官网小程序直销,27,16.6,14155.0,524.0
2025-01-24,FIT-OTA,OTA散客,49,30.1,23403.0,478.0
2025-01-24,CORP,协议公司客户,37,22.7,15369.0,415.0
2025-01-24,LOY,会员忠诚计划,21,12.9,9430.0,449.0
2025-01-24,GRP,团队旅游会议,13,8.0,4637.0,357.0
2025-01-24,LNG,长住客,3,1.8,899.0,300.0
2025-01-25,FIT-WI,上门散客,14,7.7,8062.0,576.0
2025-01-25,FIT-DIR,官网小程序直销,34,18.6,18614.0,547.0
2025-01-25,FIT-OTA,OTA散客,60,32.8,29933.0,499.0
2025-01-25,CORP,协议公司客户,42,23.0,17643.0,420.0
2025-01-25,LOY,会员忠诚计划,21,11.5,9692.0,462.0
2025-01-25,GRP,团队旅游会议,14,7.7,5287.0,378.0
2025-01-25,LNG,长住客,3,1.6,930.0,310.0
2025-01-26,FIT-WI,上门散客,13,8.3,7541.0,580.0
2025-01-26,FIT-DIR,官网小程序直销,28,17.9,14009.0,500.0
2025-01-26,FIT-OTA,OTA散客,49,31.4,23258.0,475.0
2025-01-26,CORP,协议公司客户,32,20.5,12705.0,397.0
2025-01-26,LOY,会员忠诚计划,19,12.2,8866.0,467.0
2025-01-26,GRP,团队旅游会议,12,7.7,4096.0,341.0
2025-01-26,LNG,长住客,3,1.9,904.0,301.0
2025-01-27,FIT-WI,上门散客,11,8.3,6291.0,572.0
2025-01-27,FIT-DIR,官网小程序直销,22,16.7,11270.0,512.0
2025-01-27,FIT-OTA,OTA散客,43,32.6,19072.0,444.0
2025-01-27,CORP,协议公司客户,29,22.0,11381.0,392.0
2025-01-27,LOY,会员忠诚计划,17,12.9,7274.0,428.0
2025-01-27,GRP,团队旅游会议,10,7.6,3487.0,349.0
2025-01-27,LNG,长住客,3,2.3,873.0,291.0
2025-01-28,FIT-WI,上门散客,13,9.0,7138.0,549.0
2025-01-28,FIT-DIR,官网小程序直销,24,16.6,11818.0,492.0
2025-01-28,FIT-OTA,OTA散客,42,29.0,19885.0,473.0
2025-01-28,CORP,协议公司客户,31,21.4,12141.0,392.0
2025-01-28,LOY,会员忠诚计划,17,11.7,7414.0,436.0
2025-01-28,GRP,团队旅游会议,12,8.3,4051.0,338.0
2025-01-28,LNG,长住客,3,2.1,837.0,279.0
2025-01-29,FIT-WI,上门散客,18,8.3,13151.0,731.0
2025-01-29,FIT-DIR,官网小程序直销,39,17.9,25042.0,642.0
2025-01-29,FIT-OTA,OTA散客,66,30.3,39584.0,600.0
2025-01-29,CORP,协议公司客户,47,21.6,24613.0,524.0
2025-01-29,LOY,会员忠诚计划,27,12.4,16207.0,600.0
2025-01-29,GRP,团队旅游会议,16,7.3,7209.0,451.0
2025-01-29,LNG,长住客,4,1.8,1522.0,381.0
2025-01-30,FIT-WI,上门散客,20,8.5,14616.0,731.0
2025-01-30,FIT-DIR,官网小程序直销,38,16.2,24997.0,658.0
2025-01-30,FIT-OTA,OTA散客,73,31.1,45897.0,629.0
2025-01-30,CORP,协议公司客户,52,22.1,28321.0,545.0
2025-01-30,LOY,会员忠诚计划,29,12.3,17257.0,595.0
2025-01-30,GRP,团队旅游会议,20,8.5,9177.0,459.0
2025-01-30,LNG,长住客,4,1.7,1593.0,398.0
2025-01-31,FIT-WI,上门散客,22,8.3,15859.0,721.0
2025-01-31,FIT-DIR,官网小程序直销,47,17.8,30855.0,656.0
2025-01-31,FIT-OTA,OTA散客,90,34.1,57913.0,643.0
2025-01-31,CORP,协议公司客户,55,20.8,30225.0,550.0
2025-01-31,LOY,会员忠诚计划,29,11.0,17189.0,593.0
2025-01-31,GRP,团队旅游会议,19,7.2,9067.0,477.0
2025-01-31,LNG,长住客,5,1.9,1943.0,389.0
2025-02-01,FIT-WI,上门散客,26,8.4,20543.0,790.0
2025-02-01,FIT-DIR,官网小程序直销,55,17.7,39872.0,725.0
2025-02-01,FIT-OTA,OTA散客,90,29.0,57015.0,633.0
2025-02-01,CORP,协议公司客户,69,22.3,40259.0,583.0
2025-02-01,LOY,会员忠诚计划,40,12.9,25286.0,632.0
2025-02-01,GRP,团队旅游会议,27,8.7,13877.0,514.0
2025-02-01,LNG,长住客,6,1.9,2534.0,422.0
2025-02-02,FIT-WI,上门散客,23,8.8,17008.0,739.0
2025-02-02,FIT-DIR,官网小程序直销,43,16.5,31067.0,722.0
2025-02-02,FIT-OTA,OTA散客,76,29.2,48433.0,637.0
2025-02-02,CORP,协议公司客户,62,23.8,33599.0,542.0
2025-02-02,LOY,会员忠诚计划,28,10.8,16990.0,607.0
2025-02-02,GRP,团队旅游会议,20,7.7,9301.0,465.0
2025-02-02,LNG,长住客,6,2.3,2400.0,400.0
2025-02-03,FIT-WI,上门散客,18,7.7,12797.0,711.0
2025-02-03,FIT-DIR,官网小程序直销,41,17.4,26922.0,657.0
2025-02-03,FIT-OTA,OTA散客,69,29.4,42588.0,617.0
2025-02-03,CORP,协议公司客户,55,23.4,29535.0,537.0
2025-02-03,LOY,会员忠诚计划,26,11.1,14645.0,563.0
2025-02-03,GRP,团队旅游会议,21,8.9,9539.0,454.0
2025-02-03,LNG,长住客,5,2.1,1943.0,389.0
2025-02-04,FIT-WI,上门散客,19,7.9,14257.0,750.0
2025-02-04,FIT-DIR,官网小程序直销,39,16.2,26053.0,668.0
2025-02-04,FIT-OTA,OTA散客,75,31.2,45185.0,602.0
2025-02-04,CORP,协议公司客户,56,23.3,28595.0,511.0
2025-02-04,LOY,会员忠诚计划,32,13.3,19179.0,599.0
2025-02-04,GRP,团队旅游会议,19,7.9,8472.0,446.0
2025-02-04,LNG,长住客,5,2.1,1876.0,375.0
2025-02-05,FIT-WI,上门散客,14,8.9,7468.0,533.0
2025-02-05,FIT-DIR,官网小程序直销,24,15.3,11310.0,471.0
2025-02-05,FIT-OTA,OTA散客,49,31.2,21134.0,431.0
2025-02-05,CORP,协议公司客户,35,22.3,13637.0,390.0
2025-02-05,LOY,会员忠诚计划,19,12.1,8219.0,433.0
2025-02-05,GRP,团队旅游会议,13,8.3,4392.0,338.0
2025-02-05,LNG,长住客,3,1.9,820.0,273.0
2025-02-06,FIT-WI,上门散客,11,7.2,6333.0,576.0
2025-02-06,FIT-DIR,官网小程序直销,26,17.1,12816.0,493.0
2025-02-06,FIT-OTA,OTA散客,51,33.6,24784.0,486.0
2025-02-06,CORP,协议公司客户,35,23.0,14087.0,402.0
2025-02-06,LOY,会员忠诚计划,18,11.8,8043.0,447.0
2025-02-06,GRP,团队旅游会议,11,7.2,4038.0,367.0
2025-02-06,LNG,长住客,3,2.0,910.0,303.0
2025-02-07,FIT-WI,上门散客,14,8.6,8793.0,628.0
2025-02-07,FIT-DIR,官网小程序直销,26,16.0,14623.0,562.0
2025-02-07,FIT-OTA,OTA散客,49,30.2,25823.0,527.0
2025-02-07,CORP,协议公司客户,34,21.0,14585.0,429.0
2025-02-07,LOY,会员忠诚计划,21,13.0,10376.0,494.0
2025-02-07,GRP,团队旅游会议,14,8.6,5227.0,373.0
2025-02-07,LNG,长住客,3,1.9,947.0,316.0
2025-02-08,FIT-WI,上门散客,17,8.6,9829.0,578.0
2025-02-08,FIT-DIR,官网小程序直销,30,15.2,16058.0,535.0
2025-02-08,FIT-OTA,OTA散客,66,33.5,33264.0,504.0
2025-02-08,CORP,协议公司客户,46,23.4,19545.0,425.0
2025-02-08,LOY,会员忠诚计划,23,11.7,10528.0,458.0
2025-02-08,GRP,团队旅游会议,16,8.1,6039.0,377.0
2025-02-08,LNG,长住客,4,2.0,1239.0,310.0
2025-02-09,FIT-WI,上门散客,15,8.7,8096.0,540.0
2025-02-09,FIT-DIR,官网小程序直销,29,16.9,14225.0,491.0
2025-02-09,FIT-OTA,OTA散客,51,29.7,23099.0,453.0
2025-02-09,CORP,协议公司客户,41,23.8,16511.0,403.0
2025-02-09,LOY,会员忠诚计划,22,12.8,10080.0,458.0
2025-02-09,GRP,团队旅游会议,14,8.1,4913.0,351.0
2025-02-09,LNG,长住客,3,1.7,849.0,283.0
2025-02-10,FIT-WI,上门散客,12,8.1,6266.0,522.0
2025-02-10,FIT-DIR,官网小程序直销,23,15.4,10658.0,463.0
2025-02-10,FIT-OTA,OTA散客,47,31.5,20828.0,443.0
2025-02-10,CORP,协议公司客户,33,22.1,12167.0,369.0
2025-02-10,LOY,会员忠诚计划,19,12.8,7795.0,410.0
2025-02-10,GRP,团队旅游会议,12,8.1,3840.0,320.0
2025-02-10,LNG,长住客,3,2.0,854.0,285.0
2025-02-11,FIT-WI,上门散客,11,7.4,6239.0,567.0
2025-02-11,FIT-DIR,官网小程序直销,28,18.8,14518.0,518.0
2025-02-11,FIT-OTA,OTA散客,51,34.2,23503.0,461.0
2025-02-11,CORP,协议公司客户,36,24.2,15069.0,419.0
2025-02-11,LOY,会员忠诚计划,19,12.8,8843.0,465.0
2025-02-11,GRP,团队旅游会议,11,7.4,4017.0,365.0
2025-02-11,LNG,长住客,3,2.0,919.0,306.0
2025-02-12,FIT-WI,上门散客,13,8.1,7275.0,560.0
2025-02-12,FIT-DIR,官网小程序直销,25,15.6,13260.0,530.0
2025-02-12,FIT-OTA,OTA散客,54,33.8,25442.0,471.0
2025-02-12,CORP,协议公司客户,32,20.0,13597.0,425.0
2025-02-12,LOY,会员忠诚计划,18,11.2,8536.0,474.0
2025-02-12,GRP,团队旅游会议,14,8.8,4858.0,347.0
2025-02-12,LNG,长住客,3,1.9,880.0,293.0
2025-02-13,FIT-WI,上门散客,13,7.9,7369.0,567.0
2025-02-13,FIT-DIR,官网小程序直销,29,17.7,14320.0,494.0
2025-02-13,FIT-OTA,OTA散客,53,32.3,24962.0,471.0
2025-02-13,CORP,协议公司客户,39,23.8,15958.0,409.0
2025-02-13,LOY,会员忠诚计划,18,11.0,8260.0,459.0
2025-02-13,GRP,团队旅游会议,12,7.3,4073.0,339.0
2025-02-13,LNG,长住客,3,1.8,852.0,284.0
2025-02-14,FIT-WI,上门散客,12,7.4,7026.0,586.0
2025-02-14,FIT-DIR,官网小程序直销,27,16.6,13635.0,505.0
2025-02-14,FIT-OTA,OTA散客,46,28.2,21355.0,464.0
2025-02-14,CORP,协议公司客户,39,23.9,16303.0,418.0
2025-02-14,LOY,会员忠诚计划,21,12.9,9810.0,467.0
2025-02-14,GRP,团队旅游会议,13,8.0,4781.0,368.0
2025-02-14,LNG,长住客,3,1.8,876.0,292.0
2025-02-15,FIT-WI,上门散客,15,7.8,9369.0,625.0
2025-02-15,FIT-DIR,官网小程序直销,31,16.1,17928.0,578.0
2025-02-15,FIT-OTA,OTA散客,63,32.8,32822.0,521.0
2025-02-15,CORP,协议公司客户,46,24.0,20953.0,455.0
2025-02-15,LOY,会员忠诚计划,22,11.5,10657.0,484.0
2025-02-15,GRP,团队旅游会议,15,7.8,5851.0,390.0
2025-02-15,LNG,长住客,4,2.1,1341.0,335.0
2025-02-16,FIT-WI,上门散客,14,8.6,8224.0,587.0
2025-02-16,FIT-DIR,官网小程序直销,25,15.3,12482.0,499.0
2025-02-16,FIT-OTA,OTA散客,50,30.7,23236.0,465.0
2025-02-16,CORP,协议公司客户,37,22.7,15075.0,407.0
2025-02-16,LOY,会员忠诚计划,18,11.0,8528.0,474.0
2025-02-16,GRP,团队旅游会议,12,7.4,4233.0,353.0
2025-02-16,LNG,长住客,3,1.8,888.0,296.0
2025-02-17,FIT-WI,上门散客,10,7.6,5275.0,527.0
2025-02-17,FIT-DIR,官网小程序直销,24,18.3,11559.0,482.0
2025-02-17,FIT-OTA,OTA散客,43,32.8,18779.0,437.0
2025-02-17,CORP,协议公司客户,32,24.4,12648.0,395.0
2025-02-17,LOY,会员忠诚计划,15,11.5,6736.0,449.0
2025-02-17,GRP,团队旅游会议,10,7.6,3359.0,336.0
2025-02-17,LNG,长住客,3,2.3,828.0,276.0
2025-02-18,FIT-WI,上门散客,12,8.2,6218.0,518.0
2025-02-18,FIT-DIR,官网小程序直销,25,17.1,12148.0,486.0
2025-02-18,FIT-OTA,OTA散客,44,30.1,20171.0,458.0
2025-02-18,CORP,协议公司客户,34,23.3,13224.0,389.0
2025-02-18,LOY,会员忠诚计划,18,12.3,7777.0,432.0
2025-02-18,GRP,团队旅游会议,12,8.2,4050.0,338.0
2025-02-18,LNG,长住客,3,2.1,835.0,278.0
2025-02-19,FIT-WI,上门散客,12,8.2,6995.0,583.0
2025-02-19,FIT-DIR,官网小程序直销,25,17.1,12962.0,518.0
2025-02-19,FIT-OTA,OTA散客,42,28.8,20555.0,489.0
2025-02-19,CORP,协议公司客户,31,21.2,12497.0,403.0
2025-02-19,LOY,会员忠诚计划,17,11.6,7682.0,452.0
2025-02-19,GRP,团队旅游会议,12,8.2,4349.0,362.0
2025-02-19,LNG,长住客,3,2.1,876.0,292.0
2025-02-20,FIT-WI,上门散客,13,8.4,7440.0,572.0
2025-02-20,FIT-DIR,官网小程序直销,25,16.1,12311.0,492.0
2025-02-20,FIT-OTA,OTA散客,44,28.4,19927.0,453.0
2025-02-20,CORP,协议公司客户,36,23.2,14588.0,405.0
2025-02-20,LOY,会员忠诚计划,19,12.3,9034.0,475.0
2025-02-20,GRP,团队旅游会议,13,8.4,4555.0,350.0
2025-02-20,LNG,长住客,3,1.9,923.0,308.0
2025-02-21,FIT-WI,上门散客,13,7.9,7524.0,579.0
2025-02-21,FIT-DIR,官网小程序直销,30,18.2,15276.0,509.0
2025-02-21,FIT-OTA,OTA散客,47,28.5,22041.0,469.0
2025-02-21,CORP,协议公司客户,33,20.0,13270.0,402.0
2025-02-21,LOY,会员忠诚计划,18,10.9,8458.0,470.0
2025-02-21,GRP,团队旅游会议,14,8.5,5010.0,358.0
2025-02-21,LNG,长住客,4,2.4,1227.0,307.0
2025-02-22,FIT-WI,上门散客,15,7.7,8988.0,599.0
2025-02-22,FIT-DIR,官网小程序直销,30,15.5,16002.0,533.0
2025-02-22,FIT-OTA,OTA散客,65,33.5,30962.0,476.0
2025-02-22,CORP,协议公司客户,44,22.7,19341.0,440.0
2025-02-22,LOY,会员忠诚计划,24,12.4,10969.0,457.0
2025-02-22,GRP,团队旅游会议,16,8.2,5968.0,373.0
2025-02-22,LNG,长住客,4,2.1,1263.0,316.0
2025-02-23,FIT-WI,上门散客,14,8.0,8319.0,594.0
2025-02-23,FIT-DIR,官网小程序直销,28,15.9,14552.0,520.0
2025-02-23,FIT-OTA,OTA散客,55,31.2,27954.0,508.0
2025-02-23,CORP,协议公司客户,40,22.7,17518.0,438.0
2025-02-23,LOY,会员忠诚计划,21,11.9,10255.0,488.0
2025-02-23,GRP,团队旅游会议,15,8.5,5648.0,377.0
2025-02-23,LNG,长住客,4,2.3,1235.0,309.0
2025-02-24,FIT-WI,上门散客,14,8.9,7741.0,553.0
2025-02-24,FIT-DIR,官网小程序直销,25,15.9,12525.0,501.0
2025-02-24,FIT-OTA,OTA散客,46,29.3,20954.0,456.0
2025-02-24,CORP,协议公司客户,32,20.4,12184.0,381.0
2025-02-24,LOY,会员忠诚计划,20,12.7,8422.0,421.0
2025-02-24,GRP,团队旅游会议,12,7.6,3897.0,325.0
2025-02-24,LNG,长住客,3,1.9,860.0,287.0
2025-02-25,FIT-WI,上门散客,12,8.2,6599.0,550.0
2025-02-25,FIT-DIR,官网小程序直销,23,15.8,11473.0,499.0
2025-02-25,FIT-OTA,OTA散客,42,28.8,18902.0,450.0
2025-02-25,CORP,协议公司客户,35,24.0,13205.0,377.0
2025-02-25,LOY,会员忠诚计划,17,11.6,7384.0,434.0
2025-02-25,GRP,团队旅游会议,11,7.5,3772.0,343.0
2025-02-25,LNG,长住客,3,2.1,838.0,279.0
2025-02-26,FIT-WI,上门散客,12,7.7,6913.0,576.0
2025-02-26,FIT-DIR,官网小程序直销,29,18.7,14718.0,508.0
2025-02-26,FIT-OTA,OTA散客,52,33.5,24633.0,474.0
2025-02-26,CORP,协议公司客户,31,20.0,12829.0,414.0
2025-02-26,LOY,会员忠诚计划,17,11.0,7849.0,462.0
2025-02-26,GRP,团队旅游会议,12,7.7,4228.0,352.0
2025-02-26,LNG,长住客,3,1.9,892.0,297.0
2025-02-27,FIT-WI,上门散客,13,8.1,7372.0,567.0
2025-02-27,FIT-DIR,官网小程序直销,26,16.2,13864.0,533.0
2025-02-27,FIT-OTA,OTA散客,51,31.9,25546.0,501.0
2025-02-27,CORP,协议公司客户,36,22.5,15005.0,417.0
2025-02-27,LOY,会员忠诚计划,20,12.5,9307.0,465.0
2025-02-27,GRP,团队旅游会议,14,8.8,5167.0,369.0
2025-02-27,LNG,长住客,3,1.9,899.0,300.0
2025-02-28,FIT-WI,上门散客,12,7.3,7006.0,584.0
2025-02-28,FIT-DIR,官网小程序直销,30,18.2,16347.0,545.0
2025-02-28,FIT-OTA,OTA散客,55,33.3,27222.0,495.0
2025-02-28,CORP,协议公司客户,35,21.2,15624.0,446.0
2025-02-28,LOY,会员忠诚计划,19,11.5,9148.0,481.0
2025-02-28,GRP,团队旅游会议,13,7.9,4855.0,373.0
2025-02-28,LNG,长住客,3,1.8,957.0,319.0
2025-03-01,FIT-WI,上门散客,21,7.6,16051.0,764.0
2025-03-01,FIT-DIR,官网小程序直销,42,15.2,29070.0,692.0
2025-03-01,FIT-OTA,OTA散客,85,30.7,54892.0,646.0
2025-03-01,CORP,协议公司客户,62,22.4,33616.0,542.0
2025-03-01,LOY,会员忠诚计划,35,12.6,22107.0,632.0
2025-03-01,GRP,团队旅游会议,21,7.6,9923.0,473.0
2025-03-01,LNG,长住客,5,1.8,2065.0,413.0
2025-03-02,FIT-WI,上门散客,19,8.0,12975.0,683.0
2025-03-02,FIT-DIR,官网小程序直销,38,16.0,24501.0,645.0
2025-03-02,FIT-OTA,OTA散客,78,32.8,46058.0,590.0
2025-03-02,CORP,协议公司客户,51,21.4,25383.0,498.0
2025-03-02,LOY,会员忠诚计划,30,12.6,17093.0,570.0
2025-03-02,GRP,团队旅游会议,17,7.1,7388.0,435.0
2025-03-02,LNG,长住客,4,1.7,1482.0,370.0
2025-03-03,FIT-WI,上门散客,16,8.0,10201.0,638.0
2025-03-03,FIT-DIR,官网小程序直销,33,16.5,18967.0,575.0
2025-03-03,FIT-OTA,OTA散客,65,32.5,35311.0,543.0
2025-03-03,CORP,协议公司客户,48,24.0,22484.0,468.0
2025-03-03,LOY,会员忠诚计划,26,13.0,13289.0,511.0
2025-03-03,GRP,团队旅游会议,17,8.5,6826.0,402.0
2025-03-03,LNG,长住客,4,2.0,1320.0,330.0
2025-03-04,FIT-WI,上门散客,15,7.5,9702.0,647.0
2025-03-04,FIT-DIR,官网小程序直销,37,18.5,20439.0,552.0
2025-03-04,FIT-OTA,OTA散客,65,32.5,33583.0,517.0
2025-03-04,CORP,协议公司客户,42,21.0,19969.0,475.0
2025-03-04,LOY,会员忠诚计划,24,12.0,11843.0,493.0
2025-03-04,GRP,团队旅游会议,14,7.0,5445.0,389.0
2025-03-04,LNG,长住客,4,2.0,1344.0,336.0
2025-03-05,FIT-WI,上门散客,15,7.1,10122.0,675.0
2025-03-05,FIT-DIR,官网小程序直销,34,16.1,20552.0,604.0
2025-03-05,FIT-OTA,OTA散客,62,29.4,33885.0,547.0
2025-03-05,CORP,协议公司客户,47,22.3,22762.0,484.0
2025-03-05,LOY,会员忠诚计划,24,11.4,12541.0,523.0
2025-03-05,GRP,团队旅游会议,18,8.5,7697.0,428.0
2025-03-05,LNG,长住客,4,1.9,1470.0,367.0
2025-03-06,FIT-WI,上门散客,20,8.7,13822.0,691.0
2025-03-06,FIT-DIR,官网小程序直销,38,16.5,23288.0,613.0
2025-03-06,FIT-OTA,OTA散客,74,32.0,41794.0,565.0
2025-03-06,CORP,协议公司客户,51,22.1,25092.0,492.0
2025-03-06,LOY,会员忠诚计划,30,13.0,15888.0,530.0
2025-03-06,GRP,团队旅游会议,20,8.7,8767.0,438.0
2025-03-06,LNG,长住客,5,2.2,1716.0,343.0
2025-03-07,FIT-WI,上门散客,18,7.6,13098.0,728.0
2025-03-07,FIT-DIR,官网小程序直销,43,18.1,27851.0,648.0
2025-03-07,FIT-OTA,OTA散客,66,27.8,38990.0,591.0
2025-03-07,CORP,协议公司客户,52,21.9,28531.0,549.0
2025-03-07,LOY,会员忠诚计划,28,11.8,16782.0,599.0
2025-03-07,GRP,团队旅游会议,19,8.0,8819.0,464.0
2025-03-07,LNG,长住客,5,2.1,1884.0,377.0
2025-03-08,FIT-WI,上门散客,22,8.3,17604.0,800.0
2025-03-08,FIT-DIR,官网小程序直销,49,18.6,34923.0,713.0
2025-03-08,FIT-OTA,OTA散客,86,32.6,53081.0,617.0
2025-03-08,CORP,协议公司客户,54,20.5,30237.0,560.0
2025-03-08,LOY,会员忠诚计划,32,12.1,20534.0,642.0
2025-03-08,GRP,团队旅游会议,23,8.7,11258.0,489.0
2025-03-08,LNG,长住客,5,1.9,2061.0,412.0
2025-03-09,FIT-WI,上门散客,19,8.1,12794.0,673.0
2025-03-09,FIT-DIR,官网小程序直销,41,17.5,25790.0,629.0
2025-03-09,FIT-OTA,OTA散客,70,29.9,41470.0,592.0
2025-03-09,CORP,协议公司客户,57,24.4,28940.0,508.0
2025-03-09,LOY,会员忠诚计划,30,12.8,16270.0,542.0
2025-03-09,GRP,团队旅游会议,20,8.5,8675.0,434.0
2025-03-09,LNG,长住客,4,1.7,1479.0,370.0
2025-03-10,FIT-WI,上门散客,14,7.1,9183.0,656.0
2025-03-10,FIT-DIR,官网小程序直销,36,18.4,21931.0,609.0
2025-03-10,FIT-OTA,OTA散客,66,33.7,35504.0,538.0
2025-03-10,CORP,协议公司客户,45,23.0,21107.0,469.0
2025-03-10,LOY,会员忠诚计划,22,11.2,12104.0,550.0
2025-03-10,GRP,团队旅游会议,17,8.7,6846.0,403.0
2025-03-10,LNG,长住客,4,2.0,1451.0,363.0
2025-03-11,FIT-WI,上门散客,16,7.6,9828.0,614.0
2025-03-11,FIT-DIR,官网小程序直销,38,18.0,21241.0,559.0
2025-03-11,FIT-OTA,OTA散客,63,29.9,33584.0,533.0
2025-03-11,CORP,协议公司客户,43,20.4,19156.0,445.0
2025-03-11,LOY,会员忠诚计划,24,11.4,12299.0,512.0
2025-03-11,GRP,团队旅游会议,17,8.1,6348.0,373.0
2025-03-11,LNG,长住客,5,2.4,1655.0,331.0
2025-03-12,FIT-WI,上门散客,15,7.4,9144.0,610.0
2025-03-12,FIT-DIR,官网小程序直销,36,17.8,19875.0,552.0
2025-03-12,FIT-OTA,OTA散客,59,29.2,31550.0,535.0
2025-03-12,CORP,协议公司客户,44,21.8,20364.0,463.0
2025-03-12,LOY,会员忠诚计划,23,11.4,11675.0,508.0
2025-03-12,GRP,团队旅游会议,16,7.9,6099.0,381.0
2025-03-12,LNG,长住客,4,2.0,1305.0,326.0
2025-03-13,FIT-WI,上门散客,19,8.6,12715.0,669.0
2025-03-13,FIT-DIR,官网小程序直销,37,16.8,22986.0,621.0
2025-03-13,FIT-OTA,OTA散客,75,34.1,42069.0,561.0
2025-03-13,CORP,协议公司客户,50,22.7,24669.0,493.0
2025-03-13,LOY,会员忠诚计划,25,11.4,13242.0,530.0
2025-03-13,GRP,团队旅游会议,17,7.7,7185.0,423.0
2025-03-13,LNG,长住客,4,1.8,1446.0,361.0
2025-03-14,FIT-WI,上门散客,19,8.0,13795.0,726.0
2025-03-14,FIT-DIR,官网小程序直销,44,18.6,30071.0,683.0
2025-03-14,FIT-OTA,OTA散客,79,33.3,47178.0,597.0
2025-03-14,CORP,协议公司客户,47,19.8,24762.0,527.0
2025-03-14,LOY,会员忠诚计划,28,11.8,16516.0,590.0
2025-03-14,GRP,团队旅游会议,19,8.0,8634.0,454.0
2025-03-14,LNG,长住客,5,2.1,1930.0,386.0
2025-03-15,FIT-WI,上门散客,20,7.5,14172.0,709.0
2025-03-15,FIT-DIR,官网小程序直销,45,16.9,29242.0,650.0
2025-03-15,FIT-OTA,OTA散客,85,31.8,47978.0,564.0
2025-03-15,CORP,协议公司客户,64,24.0,31873.0,498.0
2025-03-15,LOY,会员忠诚计划,30,11.2,17295.0,576.0
2025-03-15,GRP,团队旅游会议,21,7.9,9154.0,436.0
2025-03-15,LNG,长住客,5,1.9,1891.0,378.0
2025-03-16,FIT-WI,上门散客,18,7.9,12376.0,688.0
2025-03-16,FIT-DIR,官网小程序直销,41,18.0,25176.0,614.0
2025-03-16,FIT-OTA,OTA散客,67,29.4,39431.0,589.0
2025-03-16,CORP,协议公司客户,45,19.7,22153.0,492.0
2025-03-16,LOY,会员忠诚计划,30,13.2,17293.0,576.0
2025-03-16,GRP,团队旅游会议,18,7.9,8162.0,453.0
2025-03-16,LNG,长住客,4,1.8,1506.0,376.0
2025-03-17,FIT-WI,上门散客,15,7.6,9743.0,650.0
2025-03-17,FIT-DIR,官网小程序直销,31,15.7,18229.0,588.0
2025-03-17,FIT-OTA,OTA散客,67,33.8,36124.0,539.0
2025-03-17,CORP,协议公司客户,46,23.2,20941.0,455.0
2025-03-17,LOY,会员忠诚计划,23,11.6,12186.0,530.0
2025-03-17,GRP,团队旅游会议,17,8.6,6924.0,407.0
2025-03-17,LNG,长住客,4,2.0,1416.0,354.0
2025-03-18,FIT-WI,上门散客,22,8.1,16256.0,739.0
2025-03-18,FIT-DIR,官网小程序直销,49,18.1,31318.0,639.0
2025-03-18,FIT-OTA,OTA散客,92,33.9,53000.0,576.0
2025-03-18,CORP,协议公司客户,59,21.8,31491.0,534.0
2025-03-18,LOY,会员忠诚计划,32,11.8,18526.0,579.0
2025-03-18,GRP,团队旅游会议,20,7.4,9268.0,463.0
2025-03-18,LNG,长住客,5,1.8,1874.0,375.0
2025-03-19,FIT-WI,上门散客,23,8.1,16545.0,719.0
2025-03-19,FIT-DIR,官网小程序直销,46,16.1,31237.0,679.0
2025-03-19,FIT-OTA,OTA散客,82,28.8,52327.0,638.0
2025-03-19,CORP,协议公司客户,62,21.8,33515.0,541.0
2025-03-19,LOY,会员忠诚计划,33,11.6,19335.0,586.0
2025-03-19,GRP,团队旅游会议,24,8.4,11149.0,465.0
2025-03-19,LNG,长住客,5,1.8,1883.0,377.0
2025-03-20,FIT-WI,上门散客,18,7.8,12594.0,700.0
2025-03-20,FIT-DIR,官网小程序直销,42,18.2,26973.0,642.0
2025-03-20,FIT-OTA,OTA散客,69,29.9,37759.0,547.0
2025-03-20,CORP,协议公司客户,46,19.9,22994.0,500.0
2025-03-20,LOY,会员忠诚计划,30,13.0,17019.0,567.0
2025-03-20,GRP,团队旅游会议,19,8.2,8446.0,445.0
2025-03-20,LNG,长住客,5,2.2,1860.0,372.0
2025-03-21,FIT-WI,上门散客,22,8.4,15521.0,706.0
2025-03-21,FIT-DIR,官网小程序直销,44,16.8,29320.0,666.0
2025-03-21,FIT-OTA,OTA散客,81,30.9,50043.0,618.0
2025-03-21,CORP,协议公司客户,57,21.8,29686.0,521.0
2025-03-21,LOY,会员忠诚计划,30,11.5,17329.0,578.0
2025-03-21,GRP,团队旅游会议,20,7.6,8877.0,444.0
2025-03-21,LNG,长住客,5,1.9,1844.0,369.0
2025-03-22,FIT-WI,上门散客,21,7.4,15359.0,731.0
2025-03-22,FIT-DIR,官网小程序直销,47,16.5,32749.0,697.0
2025-03-22,FIT-OTA,OTA散客,93,32.6,59693.0,642.0
2025-03-22,CORP,协议公司客户,59,20.7,32171.0,545.0
2025-03-22,LOY,会员忠诚计划,37,13.0,21927.0,593.0
2025-03-22,GRP,团队旅游会议,22,7.7,10628.0,483.0
2025-03-22,LNG,长住客,6,2.1,2412.0,402.0
2025-03-23,FIT-WI,上门散客,20,8.6,13358.0,668.0
2025-03-23,FIT-DIR,官网小程序直销,40,17.2,22608.0,565.0
2025-03-23,FIT-OTA,OTA散客,72,30.9,38614.0,536.0
2025-03-23,CORP,协议公司客户,49,21.0,22719.0,464.0
2025-03-23,LOY,会员忠诚计划,26,11.2,13235.0,509.0
2025-03-23,GRP,团队旅游会议,18,7.7,7433.0,413.0
2025-03-23,LNG,长住客,4,1.7,1324.0,331.0
2025-03-24,FIT-WI,上门散客,15,7.5,9518.0,635.0
2025-03-24,FIT-DIR,官网小程序直销,34,17.0,19523.0,574.0
2025-03-24,FIT-OTA,OTA散客,58,29.0,29495.0,509.0
2025-03-24,CORP,协议公司客户,40,20.0,17504.0,438.0
2025-03-24,LOY,会员忠诚计划,25,12.5,12681.0,507.0
2025-03-24,GRP,团队旅游会议,15,7.5,5724.0,382.0
2025-03-24,LNG,长住客,4,2.0,1351.0,338.0
2025-03-25,FIT-WI,上门散客,16,7.9,10348.0,647.0
2025-03-25,FIT-DIR,官网小程序直销,32,15.8,18284.0,571.0
2025-03-25,FIT-OTA,OTA散客,67,33.0,35975.0,537.0
2025-03-25,CORP,协议公司客户,42,20.7,19355.0,461.0
2025-03-25,LOY,会员忠诚计划,24,11.8,12526.0,522.0
2025-03-25,GRP,团队旅游会议,17,8.4,6968.0,410.0
2025-03-25,LNG,长住客,4,2.0,1336.0,334.0
2025-03-26,FIT-WI,上门散客,17,7.8,10265.0,604.0
2025-03-26,FIT-DIR,官网小程序直销,39,17.8,22236.0,570.0
2025-03-26,FIT-OTA,OTA散客,68,31.1,35355.0,520.0
2025-03-26,CORP,协议公司客户,49,22.4,21085.0,430.0
2025-03-26,LOY,会员忠诚计划,24,11.0,12159.0,507.0
2025-03-26,GRP,团队旅游会议,17,7.8,6490.0,382.0
2025-03-26,LNG,长住客,5,2.3,1652.0,330.0
2025-03-27,FIT-WI,上门散客,17,8.1,11140.0,655.0
2025-03-27,FIT-DIR,官网小程序直销,35,16.7,21790.0,623.0
2025-03-27,FIT-OTA,OTA散客,71,34.0,40893.0,576.0
2025-03-27,CORP,协议公司客户,48,23.0,23986.0,500.0
2025-03-27,LOY,会员忠诚计划,25,12.0,12984.0,519.0
2025-03-27,GRP,团队旅游会议,17,8.1,7381.0,434.0
2025-03-27,LNG,长住客,4,1.9,1461.0,365.0
2025-03-28,FIT-WI,上门散客,18,7.4,12507.0,695.0
2025-03-28,FIT-DIR,官网小程序直销,44,18.1,26022.0,591.0
2025-03-28,FIT-OTA,OTA散客,81,33.3,45627.0,563.0
2025-03-28,CORP,协议公司客户,56,23.0,26100.0,466.0
2025-03-28,LOY,会员忠诚计划,27,11.1,14758.0,547.0
2025-03-28,GRP,团队旅游会议,20,8.2,8381.0,419.0
2025-03-28,LNG,长住客,5,2.1,1754.0,351.0
2025-03-29,FIT-WI,上门散客,23,8.4,16586.0,721.0
2025-03-29,FIT-DIR,官网小程序直销,42,15.3,27635.0,658.0
2025-03-29,FIT-OTA,OTA散客,78,28.5,43793.0,561.0
2025-03-29,CORP,协议公司客户,60,21.9,31217.0,520.0
2025-03-29,LOY,会员忠诚计划,32,11.7,18170.0,568.0
2025-03-29,GRP,团队旅游会议,22,8.0,9607.0,437.0
2025-03-29,LNG,长住客,5,1.8,1872.0,374.0
2025-03-30,FIT-WI,上门散客,17,7.4,11292.0,664.0
2025-03-30,FIT-DIR,官网小程序直销,36,15.6,21367.0,594.0
2025-03-30,FIT-OTA,OTA散客,77,33.3,40388.0,525.0
2025-03-30,CORP,协议公司客户,49,21.2,22830.0,466.0
2025-03-30,LOY,会员忠诚计划,29,12.6,14594.0,503.0
2025-03-30,GRP,团队旅游会议,19,8.2,7450.0,392.0
2025-03-30,LNG,长住客,5,2.2,1717.0,343.0
2025-03-31,FIT-WI,上门散客,17,7.9,10916.0,642.0
2025-03-31,FIT-DIR,官网小程序直销,37,17.2,21261.0,575.0
2025-03-31,FIT-OTA,OTA散客,72,33.5,37399.0,519.0
2025-03-31,CORP,协议公司客户,52,24.2,22984.0,442.0
2025-03-31,LOY,会员忠诚计划,23,10.7,11756.0,511.0
2025-03-31,GRP,团队旅游会议,18,8.4,6914.0,384.0
2025-03-31,LNG,长住客,4,1.9,1358.0,340.0
2025-04-01,FIT-WI,上门散客,20,8.1,14027.0,701.0
2025-04-01,FIT-DIR,官网小程序直销,41,16.5,26231.0,640.0
2025-04-01,FIT-OTA,OTA散客,77,31.0,45597.0,592.0
2025-04-01,CORP,协议公司客户,51,20.6,26043.0,511.0
2025-04-01,LOY,会员忠诚计划,30,12.1,17097.0,570.0
2025-04-01,GRP,团队旅游会议,18,7.3,8268.0,459.0
2025-04-01,LNG,长住客,5,2.0,1913.0,383.0
2025-04-02,FIT-WI,上门散客,18,7.5,12822.0,712.0
2025-04-02,FIT-DIR,官网小程序直销,41,17.2,26245.0,640.0
2025-04-02,FIT-OTA,OTA散客,75,31.4,44245.0,590.0
2025-04-02,CORP,协议公司客户,57,23.8,28829.0,506.0
2025-04-02,LOY,会员忠诚计划,31,13.0,17128.0,553.0
2025-04-02,GRP,团队旅游会议,20,8.4,8465.0,423.0
2025-04-02,LNG,长住客,4,1.7,1519.0,380.0
2025-04-03,FIT-WI,上门散客,20,8.1,14534.0,727.0
2025-04-03,FIT-DIR,官网小程序直销,44,17.9,28552.0,649.0
2025-04-03,FIT-OTA,OTA散客,77,31.3,47237.0,613.0
2025-04-03,CORP,协议公司客户,51,20.7,27195.0,533.0
2025-04-03,LOY,会员忠诚计划,31,12.6,19388.0,625.0
2025-04-03,GRP,团队旅游会议,21,8.5,10017.0,477.0
2025-04-03,LNG,长住客,5,2.0,2034.0,407.0
2025-04-04,FIT-WI,上门散客,25,8.2,19602.0,784.0
2025-04-04,FIT-DIR,官网小程序直销,57,18.6,42772.0,750.0
2025-04-04,FIT-OTA,OTA散客,96,31.4,64750.0,674.0
2025-04-04,CORP,协议公司客户,70,22.9,40546.0,579.0
2025-04-04,LOY,会员忠诚计划,38,12.4,24728.0,651.0
2025-04-04,GRP,团队旅游会议,26,8.5,12807.0,493.0
2025-04-04,LNG,长住客,7,2.3,2970.0,424.0
2025-04-05,FIT-WI,上门散客,27,8.5,23470.0,869.0
2025-04-05,FIT-DIR,官网小程序直销,57,17.9,44292.0,777.0
2025-04-05,FIT-OTA,OTA散客,96,30.2,70084.0,730.0
2025-04-05,CORP,协议公司客户,66,20.8,41164.0,624.0
2025-04-05,LOY,会员忠诚计划,36,11.3,24858.0,691.0
2025-04-05,GRP,团队旅游会议,24,7.5,12848.0,535.0
2025-04-05,LNG,长住客,6,1.9,2713.0,452.0
2025-04-06,FIT-WI,上门散客,24,7.8,21390.0,891.0
2025-04-06,FIT-DIR,官网小程序直销,52,16.9,40166.0,772.0
2025-04-06,FIT-OTA,OTA散客,103,33.4,72254.0,701.0
2025-04-06,CORP,协议公司客户,73,23.7,44160.0,605.0
2025-04-06,LOY,会员忠诚计划,34,11.0,22789.0,670.0
2025-04-06,GRP,团队旅游会议,24,7.8,12851.0,535.0
2025-04-06,LNG,长住客,7,2.3,3073.0,439.0
2025-04-07,FIT-WI,上门散客,17,7.5,12031.0,708.0
2025-04-07,FIT-DIR,官网小程序直销,40,17.7,24898.0,622.0
2025-04-07,FIT-OTA,OTA散客,63,27.9,37049.0,588.0
2025-04-07,CORP,协议公司客户,52,23.0,27173.0,523.0
2025-04-07,LOY,会员忠诚计划,26,11.5,14362.0,552.0
2025-04-07,GRP,团队旅游会议,20,8.8,8570.0,429.0
2025-04-07,LNG,长住客,4,1.8,1464.0,366.0
2025-04-08,FIT-WI,上门散客,18,7.4,12875.0,715.0
2025-04-08,FIT-DIR,官网小程序直销,42,17.3,27509.0,655.0
2025-04-08,FIT-OTA,OTA散客,82,33.7,48384.0,590.0
2025-04-08,CORP,协议公司客户,50,20.6,25953.0,519.0
2025-04-08,LOY,会员忠诚计划,28,11.5,16035.0,573.0
2025-04-08,GRP,团队旅游会议,20,8.2,8628.0,431.0
2025-04-08,LNG,长住客,5,2.1,1869.0,374.0
2025-04-09,FIT-WI,上门散客,18,7.5,13196.0,733.0
2025-04-09,FIT-DIR,官网小程序直销,39,16.2,25622.0,657.0
2025-04-09,FIT-OTA,OTA散客,76,31.5,46150.0,607.0
2025-04-09,CORP,协议公司客户,52,21.6,27986.0,538.0
2025-04-09,LOY,会员忠诚计划,31,12.9,17912.0,578.0
2025-04-09,GRP,团队旅游会议,19,7.9,8499.0,447.0
2025-04-09,LNG,长住客,5,2.1,1880.0,376.0
2025-04-10,FIT-WI,上门散客,20,8.5,14572.0,729.0
2025-04-10,FIT-DIR,官网小程序直销,41,17.4,26153.0,638.0
2025-04-10,FIT-OTA,OTA散客,69,29.2,43612.0,632.0
2025-04-10,CORP,协议公司客户,49,20.8,25063.0,511.0
2025-04-10,LOY,会员忠诚计划,29,12.3,17119.0,590.0
2025-04-10,GRP,团队旅游会议,20,8.5,8955.0,448.0
2025-04-10,LNG,长住客,5,2.1,1961.0,392.0
2025-04-11,FIT-WI,上门散客,25,8.4,20992.0,840.0
2025-04-11,FIT-DIR,官网小程序直销,48,16.1,37427.0,780.0
2025-04-11,FIT-OTA,OTA散客,98,32.8,68039.0,694.0
2025-04-11,CORP,协议公司客户,71,23.7,42482.0,598.0
2025-04-11,LOY,会员忠诚计划,38,12.7,25286.0,665.0
2025-04-11,GRP,团队旅游会议,26,8.7,14081.0,542.0
2025-04-11,LNG,长住客,6,2.0,2689.0,448.0
2025-04-12,FIT-WI,上门散客,25,7.9,20476.0,819.0
2025-04-12,FIT-DIR,官网小程序直销,49,15.4,35545.0,725.0
2025-04-12,FIT-OTA,OTA散客,103,32.4,71915.0,698.0
2025-04-12,CORP,协议公司客户,73,23.0,43297.0,593.0
2025-04-12,LOY,会员忠诚计划,41,12.9,27809.0,678.0
2025-04-12,GRP,团队旅游会议,24,7.5,12849.0,535.0
2025-04-12,LNG,长住客,7,2.2,3146.0,449.0
2025-04-13,FIT-WI,上门散客,21,8.6,16126.0,768.0
2025-04-13,FIT-DIR,官网小程序直销,39,15.9,27114.0,695.0
2025-04-13,FIT-OTA,OTA散客,69,28.2,45673.0,662.0
2025-04-13,CORP,协议公司客户,59,24.1,33559.0,569.0
2025-04-13,LOY,会员忠诚计划,32,13.1,20397.0,637.0
2025-04-13,GRP,团队旅游会议,20,8.2,9337.0,467.0
2025-04-13,LNG,长住客,5,2.0,2103.0,421.0
2025-04-14,FIT-WI,上门散客,20,8.5,14173.0,709.0
2025-04-14,FIT-DIR,官网小程序直销,43,18.2,27549.0,641.0
2025-04-14,FIT-OTA,OTA散客,72,30.5,43434.0,603.0
2025-04-14,CORP,协议公司客户,53,22.5,26120.0,493.0
2025-04-14,LOY,会员忠诚计划,31,13.1,18284.0,590.0
2025-04-14,GRP,团队旅游会议,19,8.1,8206.0,432.0
2025-04-14,LNG,长住客,5,2.1,1866.0,373.0
2025-04-15,FIT-WI,上门散客,21,8.6,14354.0,684.0
2025-04-15,FIT-DIR,官网小程序直销,46,18.8,27675.0,602.0
2025-04-15,FIT-OTA,OTA散客,73,29.8,42221.0,578.0
2025-04-15,CORP,协议公司客户,55,22.4,26510.0,482.0
2025-04-15,LOY,会员忠诚计划,27,11.0,15506.0,574.0
2025-04-15,GRP,团队旅游会议,18,7.3,7807.0,434.0
2025-04-15,LNG,长住客,5,2.0,1834.0,367.0
2025-04-16,FIT-WI,上门散客,21,8.5,15325.0,730.0
2025-04-16,FIT-DIR,官网小程序直销,44,17.7,27187.0,618.0
2025-04-16,FIT-OTA,OTA散客,80,32.3,47457.0,593.0
2025-04-16,CORP,协议公司客户,58,23.4,28314.0,488.0
2025-04-16,LOY,会员忠诚计划,31,12.5,18185.0,587.0
2025-04-16,GRP,团队旅游会议,18,7.3,7808.0,434.0
2025-04-16,LNG,长住客,5,2.0,1898.0,380.0
2025-04-17,FIT-WI,上门散客,20,8.6,14725.0,736.0
2025-04-17,FIT-DIR,官网小程序直销,38,16.3,26736.0,704.0
2025-04-17,FIT-OTA,OTA散客,79,33.9,49411.0,625.0
2025-04-17,CORP,协议公司客户,54,23.2,28849.0,534.0
2025-04-17,LOY,会员忠诚计划,26,11.2,15721.0,605.0
2025-04-17,GRP,团队旅游会议,17,7.3,7974.0,469.0
2025-04-17,LNG,长住客,4,1.7,1586.0,397.0
2025-04-18,FIT-WI,上门散客,24,7.8,19241.0,802.0
2025-04-18,FIT-DIR,官网小程序直销,56,18.1,39169.0,699.0
2025-04-18,FIT-OTA,OTA散客,87,28.2,55995.0,644.0
2025-04-18,CORP,协议公司客户,67,21.7,40184.0,600.0
2025-04-18,LOY,会员忠诚计划,40,12.9,26714.0,668.0
2025-04-18,GRP,团队旅游会议,26,8.4,12791.0,492.0
2025-04-18,LNG,长住客,6,1.9,2594.0,432.0
2025-04-19,FIT-WI,上门散客,26,8.2,23595.0,907.0
2025-04-19,FIT-DIR,官网小程序直销,53,16.7,43725.0,825.0
2025-04-19,FIT-OTA,OTA散客,94,29.6,66798.0,711.0
2025-04-19,CORP,协议公司客户,73,23.0,47786.0,655.0
2025-04-19,LOY,会员忠诚计划,37,11.6,26325.0,711.0
2025-04-19,GRP,团队旅游会议,27,8.5,15126.0,560.0
2025-04-19,LNG,长住客,7,2.2,3159.0,451.0
2025-04-20,FIT-WI,上门散客,20,8.0,14430.0,722.0
2025-04-20,FIT-DIR,官网小程序直销,42,16.9,27790.0,662.0
2025-04-20,FIT-OTA,OTA散客,84,33.7,49114.0,585.0
2025-04-20,CORP,协议公司客户,55,22.1,28177.0,512.0
2025-04-20,LOY,会员忠诚计划,29,11.6,16391.0,565.0
2025-04-20,GRP,团队旅游会议,19,7.6,8829.0,465.0
2025-04-20,LNG,长住客,5,2.0,1868.0,374.0
2025-04-21,FIT-WI,上门散客,18,7.8,12953.0,720.0
2025-04-21,FIT-DIR,官网小程序直销,36,15.6,23633.0,656.0
2025-04-21,FIT-OTA,OTA散客,69,29.9,41519.0,602.0
2025-04-21,CORP,协议公司客户,56,24.2,28331.0,506.0
2025-04-21,LOY,会员忠诚计划,26,11.3,14297.0,550.0
2025-04-21,GRP,团队旅游会议,19,8.2,8237.0,434.0
2025-04-21,LNG,长住客,4,1.7,1476.0,369.0
2025-04-22,FIT-WI,上门散客,23,7.3,19696.0,856.0
2025-04-22,FIT-DIR,官网小程序直销,48,15.2,37468.0,781.0
2025-04-22,FIT-OTA,OTA散客,88,27.9,59281.0,674.0
2025-04-22,CORP,协议公司客户,64,20.3,38835.0,607.0
2025-04-22,LOY,会员忠诚计划,37,11.7,24510.0,662.0
2025-04-22,GRP,团队旅游会议,26,8.3,13210.0,508.0
2025-04-22,LNG,长住客,7,2.2,3075.0,439.0
2025-04-23,FIT-WI,上门散客,24,7.8,20476.0,853.0
2025-04-23,FIT-DIR,官网小程序直销,54,17.5,40772.0,755.0
2025-04-23,FIT-OTA,OTA散客,89,28.9,62378.0,701.0
2025-04-23,CORP,协议公司客户,66,21.4,41783.0,633.0
2025-04-23,LOY,会员忠诚计划,40,13.0,27238.0,681.0
2025-04-23,GRP,团队旅游会议,26,8.4,14173.0,545.0
2025-04-23,LNG,长住客,6,1.9,2777.0,463.0
2025-04-24,FIT-WI,上门散客,20,7.4,15511.0,776.0
2025-04-24,FIT-DIR,官网小程序直销,48,17.6,36052.0,751.0
2025-04-24,FIT-OTA,OTA散客,88,32.4,57948.0,658.0
2025-04-24,CORP,协议公司客户,61,22.4,35315.0,579.0
2025-04-24,LOY,会员忠诚计划,35,12.9,22114.0,632.0
2025-04-24,GRP,团队旅游会议,22,8.1,11384.0,517.0
2025-04-24,LNG,长住客,5,1.8,2145.0,429.0
2025-04-25,FIT-WI,上门散客,24,7.5,19218.0,801.0
2025-04-25,FIT-DIR,官网小程序直销,55,17.3,39438.0,717.0
2025-04-25,FIT-OTA,OTA散客,105,33.0,72545.0,691.0
2025-04-25,CORP,协议公司客户,74,23.3,42518.0,575.0
2025-04-25,LOY,会员忠诚计划,42,13.2,26870.0,640.0
2025-04-25,GRP,团队旅游会议,23,7.2,11865.0,516.0
2025-04-25,LNG,长住客,7,2.2,3104.0,443.0
2025-04-26,FIT-WI,上门散客,25,7.9,22450.0,898.0
2025-04-26,FIT-DIR,官网小程序直销,55,17.3,42832.0,779.0
2025-04-26,FIT-OTA,OTA散客,104,32.7,72788.0,700.0
2025-04-26,CORP,协议公司客户,69,21.7,42386.0,614.0
2025-04-26,LOY,会员忠诚计划,39,12.3,28566.0,732.0
2025-04-26,GRP,团队旅游会议,27,8.5,14845.0,550.0
2025-04-26,LNG,长住客,7,2.2,3260.0,466.0
2025-04-27,FIT-WI,上门散客,21,7.9,15681.0,747.0
2025-04-27,FIT-DIR,官网小程序直销,45,17.0,31168.0,693.0
2025-04-27,FIT-OTA,OTA散客,74,27.9,47895.0,647.0
2025-04-27,CORP,协议公司客户,60,22.6,32509.0,542.0
2025-04-27,LOY,会员忠诚计划,30,11.3,19261.0,642.0
2025-04-27,GRP,团队旅游会议,20,7.5,9491.0,475.0
2025-04-27,LNG,长住客,6,2.3,2368.0,395.0
2025-04-28,FIT-WI,上门散客,18,8.3,13103.0,728.0
2025-04-28,FIT-DIR,官网小程序直销,35,16.1,22678.0,648.0
2025-04-28,FIT-OTA,OTA散客,72,33.0,43084.0,598.0
2025-04-28,CORP,协议公司客户,44,20.2,22438.0,510.0
2025-04-28,LOY,会员忠诚计划,26,11.9,15319.0,589.0
2025-04-28,GRP,团队旅游会议,18,8.3,8270.0,459.0
2025-04-28,LNG,长住客,4,1.8,1536.0,384.0
2025-04-29,FIT-WI,上门散客,18,8.0,12296.0,683.0
2025-04-29,FIT-DIR,官网小程序直销,35,15.6,22939.0,655.0
2025-04-29,FIT-OTA,OTA散客,70,31.2,41962.0,599.0
2025-04-29,CORP,协议公司客户,48,21.4,25153.0,524.0
2025-04-29,LOY,会员忠诚计划,25,11.2,14548.0,582.0
2025-04-29,GRP,团队旅游会议,16,7.1,7222.0,451.0
2025-04-29,LNG,长住客,5,2.2,1933.0,387.0
2025-04-30,FIT-WI,上门散客,20,8.7,14317.0,716.0
2025-04-30,FIT-DIR,官网小程序直销,42,18.3,26073.0,621.0
2025-04-30,FIT-OTA,OTA散客,66,28.8,38381.0,582.0
2025-04-30,CORP,协议公司客户,50,21.8,25007.0,500.0
2025-04-30,LOY,会员忠诚计划,26,11.4,15017.0,578.0
2025-04-30,GRP,团队旅游会议,18,7.9,7786.0,433.0
2025-04-30,LNG,长住客,5,2.2,1864.0,373.0
2025-05-01,FIT-WI,上门散客,23,7.2,19929.0,866.0
2025-05-01,FIT-DIR,官网小程序直销,57,17.9,46985.0,824.0
2025-05-01,FIT-OTA,OTA散客,94,29.6,71433.0,760.0
2025-05-01,CORP,协议公司客户,67,21.1,44858.0,670.0
2025-05-01,LOY,会员忠诚计划,40,12.6,28726.0,718.0
2025-05-01,GRP,团队旅游会议,23,7.2,13057.0,568.0
2025-05-01,LNG,长住客,6,1.9,2868.0,478.0
2025-05-02,FIT-WI,上门散客,25,7.9,25120.0,1005.0
2025-05-02,FIT-DIR,官网小程序直销,55,17.3,50281.0,914.0
2025-05-02,FIT-OTA,OTA散客,105,33.0,85294.0,812.0
2025-05-02,CORP,协议公司客户,71,22.3,48920.0,689.0
2025-05-02,LOY,会员忠诚计划,35,11.0,27100.0,774.0
2025-05-02,GRP,团队旅游会议,23,7.2,14542.0,632.0
2025-05-02,LNG,长住客,6,1.9,3152.0,525.0
2025-05-03,FIT-WI,上门散客,27,8.5,28044.0,1039.0
2025-05-03,FIT-DIR,官网小程序直销,49,15.4,47120.0,962.0
2025-05-03,FIT-OTA,OTA散客,102,32.1,89569.0,878.0
2025-05-03,CORP,协议公司客户,66,20.8,49328.0,747.0
2025-05-03,LOY,会员忠诚计划,40,12.6,32912.0,823.0
2025-05-03,GRP,团队旅游会议,25,7.9,15868.0,635.0
2025-05-03,LNG,长住客,6,1.9,3203.0,534.0
2025-05-04,FIT-WI,上门散客,26,8.2,25116.0,966.0
2025-05-04,FIT-DIR,官网小程序直销,54,17.0,46397.0,859.0
2025-05-04,FIT-OTA,OTA散客,94,29.6,79561.0,846.0
2025-05-04,CORP,协议公司客户,71,22.3,52636.0,741.0
2025-05-04,LOY,会员忠诚计划,41,12.9,33621.0,820.0
2025-05-04,GRP,团队旅游会议,25,7.9,14867.0,595.0
2025-05-04,LNG,长住客,6,1.9,3243.0,541.0
2025-05-05,FIT-WI,上门散客,25,7.9,22595.0,904.0
2025-05-05,FIT-DIR,官网小程序直销,58,18.2,46802.0,807.0
2025-05-05,FIT-OTA,OTA散客,90,28.3,65630.0,729.0
2025-05-05,CORP,协议公司客户,75,23.6,48181.0,642.0
2025-05-05,LOY,会员忠诚计划,37,11.6,27405.0,741.0
2025-05-05,GRP,团队旅游会议,23,7.2,13295.0,578.0
2025-05-05,LNG,长住客,6,1.9,3000.0,500.0
2025-05-06,FIT-WI,上门散客,17,7.4,12300.0,724.0
2025-05-06,FIT-DIR,官网小程序直销,41,17.8,27163.0,663.0
2025-05-06,FIT-OTA,OTA散客,69,30.0,41932.0,608.0
2025-05-06,CORP,协议公司客户,46,20.0,24392.0,530.0
2025-05-06,LOY,会员忠诚计划,27,11.7,15681.0,581.0
2025-05-06,GRP,团队旅游会议,20,8.7,8993.0,450.0
2025-05-06,LNG,长住客,5,2.2,1892.0,378.0
2025-05-07,FIT-WI,上门散客,22,8.7,16111.0,732.0
2025-05-07,FIT-DIR,官网小程序直销,43,16.9,27321.0,635.0
2025-05-07,FIT-OTA,OTA散客,74,29.1,46025.0,622.0
2025-05-07,CORP,协议公司客户,59,23.2,30238.0,513.0
2025-05-07,LOY,会员忠诚计划,30,11.8,18038.0,601.0
2025-05-07,GRP,团队旅游会议,21,8.3,9749.0,464.0
2025-05-07,LNG,长住客,5,2.0,1930.0,386.0
2025-05-08,FIT-WI,上门散客,18,7.3,13474.0,749.0
2025-05-08,FIT-DIR,官网小程序直销,38,15.5,26136.0,688.0
2025-05-08,FIT-OTA,OTA散客,82,33.5,53056.0,647.0
2025-05-08,CORP,协议公司客户,55,22.4,30181.0,549.0
2025-05-08,LOY,会员忠诚计划,27,11.0,16844.0,624.0
2025-05-08,GRP,团队旅游会议,20,8.2,9526.0,476.0
2025-05-08,LNG,长住客,4,1.6,1692.0,423.0
2025-05-09,FIT-WI,上门散客,26,8.6,22894.0,881.0
2025-05-09,FIT-DIR,官网小程序直销,54,17.8,43670.0,809.0
2025-05-09,FIT-OTA,OTA散客,103,34.0,76184.0,740.0
2025-05-09,CORP,协议公司客户,71,23.4,45336.0,639.0
2025-05-09,LOY,会员忠诚计划,40,13.2,29027.0,726.0
2025-05-09,GRP,团队旅游会议,23,7.6,12916.0,562.0
2025-05-09,LNG,长住客,6,2.0,2821.0,470.0
2025-05-10,FIT-WI,上门散客,27,8.5,24685.0,914.0
2025-05-10,FIT-DIR,官网小程序直销,50,15.7,39148.0,783.0
2025-05-10,FIT-OTA,OTA散客,100,31.4,72461.0,725.0
2025-05-10,CORP,协议公司客户,68,21.4,46020.0,677.0
2025-05-10,LOY,会员忠诚计划,40,12.6,29505.0,738.0
2025-05-10,GRP,团队旅游会议,27,8.5,15285.0,566.0
2025-05-10,LNG,长住客,6,1.9,2806.0,468.0
2025-05-11,FIT-WI,上门散客,18,7.2,14485.0,805.0
2025-05-11,FIT-DIR,官网小程序直销,42,16.7,29294.0,697.0
2025-05-11,FIT-OTA,OTA散客,72,28.7,47904.0,665.0
2025-05-11,CORP,协议公司客户,59,23.5,34499.0,585.0
2025-05-11,LOY,会员忠诚计划,31,12.4,19820.0,639.0
2025-05-11,GRP,团队旅游会议,20,8.0,10155.0,508.0
2025-05-11,LNG,长住客,5,2.0,2008.0,402.0
2025-05-12,FIT-WI,上门散客,18,7.7,13479.0,749.0
2025-05-12,FIT-DIR,官网小程序直销,38,16.2,25327.0,666.0
2025-05-12,FIT-OTA,OTA散客,75,32.1,43318.0,578.0
2025-05-12,CORP,协议公司客户,55,23.5,29550.0,537.0
2025-05-12,LOY,会员忠诚计划,30,12.8,17668.0,589.0
2025-05-12,GRP,团队旅游会议,17,7.3,7488.0,440.0
2025-05-12,LNG,长住客,4,1.7,1475.0,369.0
2025-05-13,FIT-WI,上门散客,19,8.1,14462.0,761.0
2025-05-13,FIT-DIR,官网小程序直销,41,17.5,28842.0,703.0
2025-05-13,FIT-OTA,OTA散客,77,32.9,48733.0,633.0
2025-05-13,CORP,协议公司客户,54,23.1,29934.0,554.0
2025-05-13,LOY,会员忠诚计划,30,12.8,18008.0,600.0
2025-05-13,GRP,团队旅游会议,19,8.1,8758.0,461.0
2025-05-13,LNG,长住客,5,2.1,2015.0,403.0
2025-05-14,FIT-WI,上门散客,22,8.6,17122.0,778.0
2025-05-14,FIT-DIR,官网小程序直销,41,16.0,27148.0,662.0
2025-05-14,FIT-OTA,OTA散客,84,32.7,54009.0,643.0
2025-05-14,CORP,协议公司客户,56,21.8,29725.0,531.0
2025-05-14,LOY,会员忠诚计划,31,12.1,19011.0,613.0
2025-05-14,GRP,团队旅游会议,19,7.4,8940.0,471.0
2025-05-14,LNG,长住客,5,1.9,1981.0,396.0
2025-05-15,FIT-WI,上门散客,21,8.2,14873.0,708.0
2025-05-15,FIT-DIR,官网小程序直销,48,18.7,31806.0,663.0
2025-05-15,FIT-OTA,OTA散客,74,28.8,42844.0,579.0
2025-05-15,CORP,协议公司客户,58,22.6,30614.0,528.0
2025-05-15,LOY,会员忠诚计划,29,11.3,17282.0,596.0
2025-05-15,GRP,团队旅游会议,22,8.6,9623.0,437.0
2025-05-15,LNG,长住客,5,1.9,1826.0,365.0
2025-05-16,FIT-WI,上门散客,23,7.5,19839.0,863.0
2025-05-16,FIT-DIR,官网小程序直销,49,15.9,40939.0,835.0
2025-05-16,FIT-OTA,OTA散客,101,32.8,77118.0,764.0
2025-05-16,CORP,协议公司客户,61,19.8,39285.0,644.0
2025-05-16,LOY,会员忠诚计划,36,11.7,26815.0,745.0
2025-05-16,GRP,团队旅游会议,26,8.4,14063.0,541.0
2025-05-16,LNG,长住客,6,1.9,2812.0,469.0
2025-05-17,FIT-WI,上门散客,27,8.5,24267.0,899.0
2025-05-17,FIT-DIR,官网小程序直销,55,17.3,47265.0,859.0
2025-05-17,FIT-OTA,OTA散客,102,32.1,78443.0,769.0
2025-05-17,CORP,协议公司客户,64,20.1,41018.0,641.0
2025-05-17,LOY,会员忠诚计划,41,12.9,31296.0,763.0
2025-05-17,GRP,团队旅游会议,23,7.2,12706.0,552.0
2025-05-17,LNG,长住客,6,1.9,2889.0,481.0
2025-05-18,FIT-WI,上门散客,21,7.6,17559.0,836.0
2025-05-18,FIT-DIR,官网小程序直销,49,17.6,35015.0,715.0
2025-05-18,FIT-OTA,OTA散客,78,28.1,54352.0,697.0
2025-05-18,CORP,协议公司客户,62,22.3,37658.0,607.0
2025-05-18,LOY,会员忠诚计划,35,12.6,23532.0,672.0
2025-05-18,GRP,团队旅游会议,21,7.6,10640.0,507.0
2025-05-18,LNG,长住客,5,1.8,2122.0,424.0
2025-05-19,FIT-WI,上门散客,17,7.6,11917.0,701.0
2025-05-19,FIT-DIR,官网小程序直销,36,16.0,23821.0,662.0
2025-05-19,FIT-OTA,OTA散客,67,29.8,38030.0,568.0
2025-05-19,CORP,协议公司客户,54,24.0,27337.0,506.0
2025-05-19,LOY,会员忠诚计划,27,12.0,15820.0,586.0
2025-05-19,GRP,团队旅游会议,20,8.9,8681.0,434.0
2025-05-19,LNG,长住客,5,2.2,1924.0,385.0
2025-05-20,FIT-WI,上门散客,28,8.2,21983.0,785.0
2025-05-20,FIT-DIR,官网小程序直销,57,16.7,39784.0,698.0
2025-05-20,FIT-OTA,OTA散客,105,30.8,65254.0,621.0
2025-05-20,CORP,协议公司客户,69,20.2,37550.0,544.0
2025-05-20,LOY,会员忠诚计划,40,11.7,25232.0,631.0
2025-05-20,GRP,团队旅游会议,26,7.6,12318.0,474.0
2025-05-20,LNG,长住客,7,2.1,2871.0,410.0
2025-05-21,FIT-WI,上门散客,19,7.6,14457.0,761.0
2025-05-21,FIT-DIR,官网小程序直销,44,17.6,28849.0,656.0
2025-05-21,FIT-OTA,OTA散客,75,30.0,45222.0,603.0
2025-05-21,CORP,协议公司客户,57,22.8,30415.0,534.0
2025-05-21,LOY,会员忠诚计划,33,13.2,20447.0,620.0
2025-05-21,GRP,团队旅游会议,19,7.6,8633.0,454.0
2025-05-21,LNG,长住客,5,2.0,2024.0,405.0
2025-05-22,FIT-WI,上门散客,21,8.5,15075.0,718.0
2025-05-22,FIT-DIR,官网小程序直销,39,15.8,25883.0,664.0
2025-05-22,FIT-OTA,OTA散客,69,27.9,40314.0,584.0
2025-05-22,CORP,协议公司客户,50,20.2,27241.0,545.0
2025-05-22,LOY,会员忠诚计划,29,11.7,16609.0,573.0
2025-05-22,GRP,团队旅游会议,19,7.7,8804.0,463.0
2025-05-22,LNG,长住客,5,2.0,1945.0,389.0
2025-05-23,FIT-WI,上门散客,28,8.8,22922.0,819.0
2025-05-23,FIT-DIR,官网小程序直销,53,16.7,41598.0,785.0
2025-05-23,FIT-OTA,OTA散客,103,32.4,71452.0,694.0
2025-05-23,CORP,协议公司客户,65,20.4,39201.0,603.0
2025-05-23,LOY,会员忠诚计划,42,13.2,28980.0,690.0
2025-05-23,GRP,团队旅游会议,25,7.9,13531.0,541.0
2025-05-23,LNG,长住客,6,1.9,2680.0,447.0
2025-05-24,FIT-WI,上门散客,24,7.5,21238.0,885.0
2025-05-24,FIT-DIR,官网小程序直销,57,17.9,46190.0,810.0
2025-05-24,FIT-OTA,OTA散客,92,28.9,64179.0,698.0
2025-05-24,CORP,协议公司客户,74,23.3,48188.0,651.0
2025-05-24,LOY,会员忠诚计划,42,13.2,30276.0,721.0
2025-05-24,GRP,团队旅游会议,28,8.8,15826.0,565.0
2025-05-24,LNG,长住客,6,1.9,2703.0,450.0
2025-05-25,FIT-WI,上门散客,24,8.9,19146.0,798.0
2025-05-25,FIT-DIR,官网小程序直销,49,18.2,35156.0,717.0
2025-05-25,FIT-OTA,OTA散客,79,29.4,54101.0,685.0
2025-05-25,CORP,协议公司客户,64,23.8,36631.0,572.0
2025-05-25,LOY,会员忠诚计划,33,12.3,21404.0,649.0
2025-05-25,GRP,团队旅游会议,20,7.4,10228.0,511.0
2025-05-25,LNG,长住客,5,1.9,2149.0,430.0
2025-05-26,FIT-WI,上门散客,20,8.3,14333.0,717.0
2025-05-26,FIT-DIR,官网小程序直销,42,17.5,26790.0,638.0
2025-05-26,FIT-OTA,OTA散客,76,31.7,46849.0,616.0
2025-05-26,CORP,协议公司客户,48,20.0,25454.0,530.0
2025-05-26,LOY,会员忠诚计划,27,11.2,15211.0,563.0
2025-05-26,GRP,团队旅游会议,20,8.3,9018.0,451.0
2025-05-26,LNG,长住客,5,2.1,1862.0,372.0
2025-05-27,FIT-WI,上门散客,19,7.8,14984.0,789.0
2025-05-27,FIT-DIR,官网小程序直销,42,17.3,28295.0,674.0
2025-05-27,FIT-OTA,OTA散客,77,31.7,49778.0,646.0
2025-05-27,CORP,协议公司客户,54,22.2,29192.0,541.0
2025-05-27,LOY,会员忠诚计划,28,11.5,16496.0,589.0
2025-05-27,GRP,团队旅游会议,19,7.8,9197.0,484.0
2025-05-27,LNG,长住客,5,2.1,1950.0,390.0
2025-05-28,FIT-WI,上门散客,21,8.6,14847.0,707.0
2025-05-28,FIT-DIR,官网小程序直销,41,16.7,26003.0,634.0
2025-05-28,FIT-OTA,OTA散客,76,31.0,45873.0,604.0
2025-05-28,CORP,协议公司客户,59,24.1,31442.0,533.0
2025-05-28,LOY,会员忠诚计划,32,13.1,17655.0,552.0
2025-05-28,GRP,团队旅游会议,20,8.2,8758.0,438.0
2025-05-28,LNG,长住客,4,1.6,1516.0,379.0
2025-05-29,FIT-WI,上门散客,21,8.4,15007.0,715.0
2025-05-29,FIT-DIR,官网小程序直销,43,17.3,28406.0,661.0
2025-05-29,FIT-OTA,OTA散客,79,31.7,45451.0,575.0
2025-05-29,CORP,协议公司客户,57,22.9,28742.0,504.0
2025-05-29,LOY,会员忠诚计划,27,10.8,15309.0,567.0
2025-05-29,GRP,团队旅游会议,18,7.2,8058.0,448.0
2025-05-29,LNG,长住客,5,2.0,1870.0,374.0
2025-05-30,FIT-WI,上门散客,23,7.3,19189.0,834.0
2025-05-30,FIT-DIR,官网小程序直销,50,15.9,40102.0,802.0
2025-05-30,FIT-OTA,OTA散客,100,31.7,69314.0,693.0
2025-05-30,CORP,协议公司客户,66,21.0,42654.0,646.0
2025-05-30,LOY,会员忠诚计划,35,11.1,25296.0,723.0
2025-05-30,GRP,团队旅游会议,23,7.3,12758.0,555.0
2025-05-30,LNG,长住客,6,1.9,2831.0,472.0
2025-05-31,FIT-WI,上门散客,27,8.5,23930.0,886.0
2025-05-31,FIT-DIR,官网小程序直销,50,15.7,40429.0,809.0
2025-05-31,FIT-OTA,OTA散客,90,28.3,66910.0,743.0
2025-05-31,CORP,协议公司客户,74,23.3,46163.0,624.0
2025-05-31,LOY,会员忠诚计划,36,11.3,26038.0,723.0
2025-05-31,GRP,团队旅游会议,27,8.5,15055.0,558.0
2025-05-31,LNG,长住客,6,1.9,2882.0,480.0
2025-06-01,FIT-WI,上门散客,23,8.5,17310.0,753.0
2025-06-01,FIT-DIR,官网小程序直销,50,18.5,35120.0,702.0
2025-06-01,FIT-OTA,OTA散客,87,32.1,53280.0,612.0
2025-06-01,CORP,协议公司客户,54,19.9,30770.0,570.0
2025-06-01,LOY,会员忠诚计划,31,11.4,18845.0,608.0
2025-06-01,GRP,团队旅游会议,20,7.4,9342.0,467.0
2025-06-01,LNG,长住客,5,1.8,1974.0,395.0
2025-06-02,FIT-WI,上门散客,21,8.3,15074.0,718.0
2025-06-02,FIT-DIR,官网小程序直销,44,17.3,28461.0,647.0
2025-06-02,FIT-OTA,OTA散客,74,29.1,44996.0,608.0
2025-06-02,CORP,协议公司客户,56,22.0,30403.0,543.0
2025-06-02,LOY,会员忠诚计划,28,11.0,16457.0,588.0
2025-06-02,GRP,团队旅游会议,21,8.3,10116.0,482.0
2025-06-02,LNG,长住客,5,2.0,1934.0,387.0
2025-06-03,FIT-WI,上门散客,15,7.8,9724.0,648.0
2025-06-03,FIT-DIR,官网小程序直销,32,16.6,18520.0,579.0
2025-06-03,FIT-OTA,OTA散客,55,28.5,29811.0,542.0
2025-06-03,CORP,协议公司客户,42,21.8,19779.0,471.0
2025-06-03,LOY,会员忠诚计划,24,12.4,11773.0,491.0
2025-06-03,GRP,团队旅游会议,14,7.3,5312.0,379.0
2025-06-03,LNG,长住客,4,2.1,1341.0,335.0
2025-06-04,FIT-WI,上门散客,16,8.0,10037.0,627.0
2025-06-04,FIT-DIR,官网小程序直销,33,16.6,17841.0,541.0
2025-06-04,FIT-OTA,OTA散客,59,29.6,29567.0,501.0
2025-06-04,CORP,协议公司客户,40,20.1,17548.0,439.0
2025-06-04,LOY,会员忠诚计划,21,10.6,9982.0,475.0
2025-06-04,GRP,团队旅游会议,15,7.5,5677.0,378.0
2025-06-04,LNG,长住客,4,2.0,1306.0,327.0
2025-06-05,FIT-WI,上门散客,15,7.8,9155.0,610.0
2025-06-05,FIT-DIR,官网小程序直销,36,18.8,20465.0,568.0
2025-06-05,FIT-OTA,OTA散客,64,33.3,32044.0,501.0
2025-06-05,CORP,协议公司客户,45,23.4,19366.0,430.0
2025-06-05,LOY,会员忠诚计划,22,11.5,10542.0,479.0
2025-06-05,GRP,团队旅游会议,17,8.9,6721.0,395.0
2025-06-05,LNG,长住客,4,2.1,1347.0,337.0
2025-06-06,FIT-WI,上门散客,17,8.1,11388.0,670.0
2025-06-06,FIT-DIR,官网小程序直销,37,17.7,22174.0,599.0
2025-06-06,FIT-OTA,OTA散客,66,31.6,37236.0,564.0
2025-06-06,CORP,协议公司客户,45,21.5,22310.0,496.0
2025-06-06,LOY,会员忠诚计划,27,12.9,14643.0,542.0
2025-06-06,GRP,团队旅游会议,16,7.7,6679.0,417.0
2025-06-06,LNG,长住客,5,2.4,1704.0,341.0
2025-06-07,FIT-WI,上门散客,18,8.0,12669.0,704.0
2025-06-07,FIT-DIR,官网小程序直销,39,17.4,24667.0,632.0
2025-06-07,FIT-OTA,OTA散客,65,29.0,38068.0,586.0
2025-06-07,CORP,协议公司客户,44,19.6,21677.0,493.0
2025-06-07,LOY,会员忠诚计划,26,11.6,14044.0,540.0
2025-06-07,GRP,团队旅游会议,20,8.9,8963.0,448.0
2025-06-07,LNG,长住客,4,1.8,1440.0,360.0
2025-06-08,FIT-WI,上门散客,15,7.3,9566.0,638.0
2025-06-08,FIT-DIR,官网小程序直销,36,17.6,20616.0,573.0
2025-06-08,FIT-OTA,OTA散客,64,31.2,33819.0,528.0
2025-06-08,CORP,协议公司客户,48,23.4,22766.0,474.0
2025-06-08,LOY,会员忠诚计划,26,12.7,13498.0,519.0
2025-06-08,GRP,团队旅游会议,16,7.8,6527.0,408.0
2025-06-08,LNG,长住客,4,2.0,1367.0,342.0
2025-06-09,FIT-WI,上门散客,14,8.0,8489.0,606.0
2025-06-09,FIT-DIR,官网小程序直销,30,17.2,16450.0,548.0
2025-06-09,FIT-OTA,OTA散客,49,28.2,24352.0,497.0
2025-06-09,CORP,协议公司客户,41,23.6,18490.0,451.0
2025-06-09,LOY,会员忠诚计划,21,12.1,9889.0,471.0
2025-06-09,GRP,团队旅游会议,14,8.0,5261.0,376.0
2025-06-09,LNG,长住客,4,2.3,1237.0,309.0
2025-06-10,FIT-WI,上门散客,14,7.8,9073.0,648.0
2025-06-10,FIT-DIR,官网小程序直销,30,16.8,17238.0,575.0
2025-06-10,FIT-OTA,OTA散客,58,32.4,31527.0,544.0
2025-06-10,CORP,协议公司客户,42,23.5,20222.0,481.0
2025-06-10,LOY,会员忠诚计划,21,11.7,11229.0,535.0
2025-06-10,GRP,团队旅游会议,14,7.8,5703.0,407.0
2025-06-10,LNG,长住客,4,2.2,1321.0,330.0
2025-06-11,FIT-WI,上门散客,14,7.5,8865.0,633.0
2025-06-11,FIT-DIR,官网小程序直销,29,15.5,15748.0,543.0
2025-06-11,FIT-OTA,OTA散客,54,28.9,27450.0,508.0
2025-06-11,CORP,协议公司客户,43,23.0,19810.0,461.0
2025-06-11,LOY,会员忠诚计划,21,11.2,10071.0,480.0
2025-06-11,GRP,团队旅游会议,14,7.5,5472.0,391.0
2025-06-11,LNG,长住客,4,2.1,1339.0,335.0
2025-06-12,FIT-WI,上门散客,17,8.5,10505.0,618.0
2025-06-12,FIT-DIR,官网小程序直销,30,15.1,17746.0,592.0
2025-06-12,FIT-OTA,OTA散客,64,32.2,33139.0,518.0
2025-06-12,CORP,协议公司客户,46,23.1,20491.0,445.0
2025-06-12,LOY,会员忠诚计划,23,11.6,12005.0,522.0
2025-06-12,GRP,团队旅游会议,15,7.5,5876.0,392.0
2025-06-12,LNG,长住客,4,2.0,1379.0,345.0
2025-06-13,FIT-WI,上门散客,15,7.5,9626.0,642.0
2025-06-13,FIT-DIR,官网小程序直销,36,18.0,20939.0,582.0
2025-06-13,FIT-OTA,OTA散客,66,33.0,33570.0,509.0
2025-06-13,CORP,协议公司客户,42,21.0,19063.0,454.0
2025-06-13,LOY,会员忠诚计划,22,11.0,11277.0,513.0
2025-06-13,GRP,团队旅游会议,16,8.0,6135.0,383.0
2025-06-13,LNG,长住客,4,2.0,1354.0,338.0
2025-06-14,FIT-WI,上门散客,25,7.9,21455.0,858.0
2025-06-14,FIT-DIR,官网小程序直销,52,16.4,40337.0,776.0
2025-06-14,FIT-OTA,OTA散客,104,32.7,71296.0,686.0
2025-06-14,CORP,协议公司客户,77,24.2,46237.0,600.0
2025-06-14,LOY,会员忠诚计划,36,11.3,23952.0,665.0
2025-06-14,GRP,团队旅游会议,26,8.2,13884.0,534.0
2025-06-14,LNG,长住客,7,2.2,3140.0,449.0
2025-06-15,FIT-WI,上门散客,15,7.5,9227.0,615.0
2025-06-15,FIT-DIR,官网小程序直销,31,15.6,17408.0,562.0
2025-06-15,FIT-OTA,OTA散客,66,33.2,34933.0,529.0
2025-06-15,CORP,协议公司客户,43,21.6,19960.0,464.0
2025-06-15,LOY,会员忠诚计划,24,12.1,11924.0,497.0
2025-06-15,GRP,团队旅游会议,16,8.0,6263.0,391.0
2025-06-15,LNG,长住客,4,2.0,1369.0,342.0
2025-06-16,FIT-WI,上门散客,16,8.5,9705.0,607.0
2025-06-16,FIT-DIR,官网小程序直销,33,17.6,17907.0,543.0
2025-06-16,FIT-OTA,OTA散客,54,28.7,27102.0,502.0
2025-06-16,CORP,协议公司客户,44,23.4,19691.0,448.0
2025-06-16,LOY,会员忠诚计划,21,11.2,10396.0,495.0
2025-06-16,GRP,团队旅游会议,14,7.4,5416.0,387.0
2025-06-16,LNG,长住客,4,2.1,1294.0,323.0
2025-06-17,FIT-WI,上门散客,15,8.1,9570.0,638.0
2025-06-17,FIT-DIR,官网小程序直销,31,16.8,17184.0,554.0
2025-06-17,FIT-OTA,OTA散客,55,29.7,29313.0,533.0
2025-06-17,CORP,协议公司客户,40,21.6,18113.0,453.0
2025-06-17,LOY,会员忠诚计划,22,11.9,11248.0,511.0
2025-06-17,GRP,团队旅游会议,14,7.6,5531.0,395.0
2025-06-17,LNG,长住客,4,2.2,1331.0,333.0
2025-06-18,FIT-WI,上门散客,16,8.1,9375.0,586.0
2025-06-18,FIT-DIR,官网小程序直销,31,15.7,16270.0,525.0
2025-06-18,FIT-OTA,OTA散客,60,30.5,28996.0,483.0
2025-06-18,CORP,协议公司客户,43,21.8,18880.0,439.0
2025-06-18,LOY,会员忠诚计划,25,12.7,11499.0,460.0
2025-06-18,GRP,团队旅游会议,16,8.1,5827.0,364.0
2025-06-18,LNG,长住客,4,2.0,1196.0,299.0
2025-06-19,FIT-WI,上门散客,15,7.9,9255.0,617.0
2025-06-19,FIT-DIR,官网小程序直销,31,16.4,17832.0,575.0
2025-06-19,FIT-OTA,OTA散客,53,28.0,26169.0,494.0
2025-06-19,CORP,协议公司客户,38,20.1,17234.0,454.0
2025-06-19,LOY,会员忠诚计划,23,12.2,11438.0,497.0
2025-06-19,GRP,团队旅游会议,14,7.4,5251.0,375.0
2025-06-19,LNG,长住客,3,1.6,952.0,317.0
2025-06-20,FIT-WI,上门散客,21,8.4,15299.0,729.0
2025-06-20,FIT-DIR,官网小程序直销,46,18.3,29355.0,638.0
2025-06-20,FIT-OTA,OTA散客,77,30.7,47679.0,619.0
2025-06-20,CORP,协议公司客户,60,23.9,31281.0,521.0
2025-06-20,LOY,会员忠诚计划,29,11.6,17240.0,594.0
2025-06-20,GRP,团队旅游会议,22,8.8,9601.0,436.0
2025-06-20,LNG,长住客,5,2.0,1884.0,377.0
2025-06-21,FIT-WI,上门散客,25,8.5,19573.0,783.0
2025-06-21,FIT-DIR,官网小程序直销,46,15.6,30267.0,658.0
2025-06-21,FIT-OTA,OTA散客,98,33.2,60077.0,613.0
2025-06-21,CORP,协议公司客户,71,24.1,38489.0,542.0
2025-06-21,LOY,会员忠诚计划,36,12.2,22752.0,632.0
2025-06-21,GRP,团队旅游会议,24,8.1,11334.0,472.0
2025-06-21,LNG,长住客,6,2.0,2417.0,403.0
2025-06-22,FIT-WI,上门散客,21,8.8,14322.0,682.0
2025-06-22,FIT-DIR,官网小程序直销,37,15.5,22872.0,618.0
2025-06-22,FIT-OTA,OTA散客,72,30.3,40720.0,566.0
2025-06-22,CORP,协议公司客户,51,21.4,25373.0,498.0
2025-06-22,LOY,会员忠诚计划,31,13.0,17283.0,558.0
2025-06-22,GRP,团队旅游会议,20,8.4,8306.0,415.0
2025-06-22,LNG,长住客,5,2.1,1835.0,367.0
2025-06-23,FIT-WI,上门散客,17,7.9,11133.0,655.0
2025-06-23,FIT-DIR,官网小程序直销,36,16.8,22032.0,612.0
2025-06-23,FIT-OTA,OTA散客,69,32.2,39882.0,578.0
2025-06-23,CORP,协议公司客户,43,20.1,20998.0,488.0
2025-06-23,LOY,会员忠诚计划,24,11.2,12849.0,535.0
2025-06-23,GRP,团队旅游会议,17,7.9,7130.0,419.0
2025-06-23,LNG,长住客,4,1.9,1380.0,345.0
2025-06-24,FIT-WI,上门散客,19,8.6,12072.0,635.0
2025-06-24,FIT-DIR,官网小程序直销,36,16.3,21569.0,599.0
2025-06-24,FIT-OTA,OTA散客,65,29.4,34430.0,530.0
2025-06-24,CORP,协议公司客户,52,23.5,24682.0,475.0
2025-06-24,LOY,会员忠诚计划,28,12.7,15475.0,553.0
2025-06-24,GRP,团队旅游会议,16,7.2,6478.0,405.0
2025-06-24,LNG,长住客,4,1.8,1390.0,348.0
2025-06-25,FIT-WI,上门散客,12,5.4,8037.0,670.0
2025-06-25,FIT-DIR,官网小程序直销,28,12.7,16295.0,582.0
2025-06-25,FIT-OTA,OTA散客,104,47.1,59061.0,568.0
2025-06-25,CORP,协议公司客户,36,16.3,17119.0,476.0
2025-06-25,LOY,会员忠诚计划,18,8.1,9487.0,527.0
2025-06-25,GRP,团队旅游会议,13,5.9,5585.0,430.0
2025-06-25,LNG,长住客,3,1.4,1077.0,359.0
2025-06-26,FIT-WI,上门散客,18,7.8,11711.0,651.0
2025-06-26,FIT-DIR,官网小程序直销,41,17.7,24160.0,589.0
2025-06-26,FIT-OTA,OTA散客,73,31.6,40048.0,549.0
2025-06-26,CORP,协议公司客户,51,22.1,24461.0,480.0
2025-06-26,LOY,会员忠诚计划,30,13.0,16380.0,546.0
2025-06-26,GRP,团队旅游会议,20,8.7,8136.0,407.0
2025-06-26,LNG,长住客,5,2.2,1779.0,356.0
2025-06-27,FIT-WI,上门散客,21,8.5,14248.0,678.0
2025-06-27,FIT-DIR,官网小程序直销,45,18.2,28539.0,634.0
2025-06-27,FIT-OTA,OTA散客,81,32.8,48514.0,599.0
2025-06-27,CORP,协议公司客户,50,20.2,25886.0,518.0
2025-06-27,LOY,会员忠诚计划,28,11.3,15719.0,561.0
2025-06-27,GRP,团队旅游会议,19,7.7,8088.0,426.0
2025-06-27,LNG,长住客,5,2.0,1859.0,372.0
2025-06-28,FIT-WI,上门散客,22,7.5,16140.0,734.0
2025-06-28,FIT-DIR,官网小程序直销,46,15.6,30455.0,662.0
2025-06-28,FIT-OTA,OTA散客,93,31.5,56518.0,608.0
2025-06-28,CORP,协议公司客户,70,23.7,36784.0,525.0
2025-06-28,LOY,会员忠诚计划,35,11.9,20516.0,586.0
2025-06-28,GRP,团队旅游会议,24,8.1,11043.0,460.0
2025-06-28,LNG,长住客,6,2.0,2322.0,387.0
2025-06-29,FIT-WI,上门散客,18,7.4,12282.0,682.0
2025-06-29,FIT-DIR,官网小程序直销,45,18.4,28676.0,637.0
2025-06-29,FIT-OTA,OTA散客,82,33.6,46717.0,570.0
2025-06-29,CORP,协议公司客户,51,20.9,25657.0,503.0
2025-06-29,LOY,会员忠诚计划,32,13.1,17606.0,550.0
2025-06-29,GRP,团队旅游会议,19,7.8,8198.0,431.0
2025-06-29,LNG,长住客,5,2.0,1830.0,366.0
2025-06-30,FIT-WI,上门散客,18,8.4,11799.0,655.0
2025-06-30,FIT-DIR,官网小程序直销,38,17.8,23060.0,607.0
2025-06-30,FIT-OTA,OTA散客,68,31.8,37369.0,550.0
2025-06-30,CORP,协议公司客户,50,23.4,25073.0,501.0
2025-06-30,LOY,会员忠诚计划,28,13.1,15740.0,562.0
2025-06-30,GRP,团队旅游会议,17,7.9,7327.0,431.0
2025-06-30,LNG,长住客,4,1.9,1391.0,348.0
2025-07-01,FIT-WI,上门散客,14,8.0,8147.0,582.0
2025-07-01,FIT-DIR,官网小程序直销,29,16.5,15154.0,523.0
2025-07-01,FIT-OTA,OTA散客,56,31.8,26392.0,471.0
2025-07-01,CORP,协议公司客户,42,23.9,17040.0,406.0
2025-07-01,LOY,会员忠诚计划,20,11.4,8859.0,443.0
2025-07-01,GRP,团队旅游会议,13,7.4,4812.0,370.0
2025-07-01,LNG,长住客,4,2.3,1223.0,306.0
2025-07-02,FIT-WI,上门散客,15,8.4,8976.0,598.0
2025-07-02,FIT-DIR,官网小程序直销,29,16.3,15242.0,526.0
2025-07-02,FIT-OTA,OTA散客,50,28.1,23629.0,473.0
2025-07-02,CORP,协议公司客户,36,20.2,15181.0,422.0
2025-07-02,LOY,会员忠诚计划,21,11.8,9857.0,469.0
2025-07-02,GRP,团队旅游会议,15,8.4,5260.0,351.0
2025-07-02,LNG,长住客,4,2.2,1207.0,302.0
2025-07-03,FIT-WI,上门散客,14,8.2,8617.0,615.0
2025-07-03,FIT-DIR,官网小程序直销,27,15.8,14433.0,535.0
2025-07-03,FIT-OTA,OTA散客,51,29.8,24741.0,485.0
2025-07-03,CORP,协议公司客户,35,20.5,14914.0,426.0
2025-07-03,LOY,会员忠诚计划,20,11.7,9912.0,496.0
2025-07-03,GRP,团队旅游会议,14,8.2,5253.0,375.0
2025-07-03,LNG,长住客,3,1.8,958.0,319.0
2025-07-04,FIT-WI,上门散客,16,8.0,10343.0,646.0
2025-07-04,FIT-DIR,官网小程序直销,33,16.6,18410.0,558.0
2025-07-04,FIT-OTA,OTA散客,61,30.7,32347.0,530.0
2025-07-04,CORP,协议公司客户,43,21.6,19194.0,446.0
2025-07-04,LOY,会员忠诚计划,25,12.6,13065.0,523.0
2025-07-04,GRP,团队旅游会议,17,8.5,6452.0,380.0
2025-07-04,LNG,长住客,4,2.0,1372.0,343.0
2025-07-05,FIT-WI,上门散客,17,7.9,11122.0,654.0
2025-07-05,FIT-DIR,官网小程序直销,35,16.4,20054.0,573.0
2025-07-05,FIT-OTA,OTA散客,69,32.2,36257.0,525.0
2025-07-05,CORP,协议公司客户,43,20.1,19834.0,461.0
2025-07-05,LOY,会员忠诚计划,25,11.7,13218.0,529.0
2025-07-05,GRP,团队旅游会议,16,7.5,6510.0,407.0
2025-07-05,LNG,长住客,4,1.9,1386.0,346.0
2025-07-06,FIT-WI,上门散客,14,7.4,7999.0,571.0
2025-07-06,FIT-DIR,官网小程序直销,35,18.5,18601.0,531.0
2025-07-06,FIT-OTA,OTA散客,61,32.3,28628.0,469.0
2025-07-06,CORP,协议公司客户,41,21.7,17982.0,439.0
2025-07-06,LOY,会员忠诚计划,22,11.6,10323.0,469.0
2025-07-06,GRP,团队旅游会议,16,8.5,5719.0,357.0
2025-07-06,LNG,长住客,4,2.1,1277.0,319.0
2025-07-07,FIT-WI,上门散客,13,7.5,7597.0,584.0
2025-07-07,FIT-DIR,官网小程序直销,31,17.8,16409.0,529.0
2025-07-07,FIT-OTA,OTA散客,53,30.5,26899.0,508.0
2025-07-07,CORP,协议公司客户,35,20.1,14726.0,421.0
2025-07-07,LOY,会员忠诚计划,20,11.5,9579.0,479.0
2025-07-07,GRP,团队旅游会议,13,7.5,4770.0,367.0
2025-07-07,LNG,长住客,4,2.3,1281.0,320.0
2025-07-08,FIT-WI,上门散客,14,7.8,8211.0,587.0
2025-07-08,FIT-DIR,官网小程序直销,28,15.6,14768.0,527.0
2025-07-08,FIT-OTA,OTA散客,53,29.4,25849.0,488.0
2025-07-08,CORP,协议公司客户,40,22.2,16931.0,423.0
2025-07-08,LOY,会员忠诚计划,23,12.8,10995.0,478.0
2025-07-08,GRP,团队旅游会议,15,8.3,5406.0,360.0
2025-07-08,LNG,长住客,4,2.2,1216.0,304.0
2025-07-09,FIT-WI,上门散客,9,8.1,5132.0,570.0
2025-07-09,FIT-DIR,官网小程序直销,18,16.2,9666.0,537.0
2025-07-09,FIT-OTA,OTA散客,34,30.6,16772.0,493.0
2025-07-09,CORP,协议公司客户,24,21.6,9883.0,412.0
2025-07-09,LOY,会员忠诚计划,13,11.7,6021.0,463.0
2025-07-09,GRP,团队旅游会议,8,7.2,2902.0,363.0
2025-07-09,LNG,长住客,2,1.8,610.0,305.0
2025-07-10,FIT-WI,上门散客,8,7.5,4578.0,572.0
2025-07-10,FIT-DIR,官网小程序直销,17,16.0,9239.0,543.0
2025-07-10,FIT-OTA,OTA散客,33,31.1,16604.0,503.0
2025-07-10,CORP,协议公司客户,23,21.7,9735.0,423.0
2025-07-10,LOY,会员忠诚计划,14,13.2,6667.0,476.0
2025-07-10,GRP,团队旅游会议,8,7.5,2852.0,356.0
2025-07-10,LNG,长住客,2,1.9,596.0,298.0
2025-07-11,FIT-WI,上门散客,15,7.7,9480.0,632.0
2025-07-11,FIT-DIR,官网小程序直销,35,18.0,20540.0,587.0
2025-07-11,FIT-OTA,OTA散客,59,30.4,31255.0,530.0
2025-07-11,CORP,协议公司客户,42,21.6,19974.0,476.0
2025-07-11,LOY,会员忠诚计划,22,11.3,10947.0,498.0
2025-07-11,GRP,团队旅游会议,16,8.2,6404.0,400.0
2025-07-11,LNG,长住客,4,2.1,1353.0,338.0
2025-07-12,FIT-WI,上门散客,17,7.8,10989.0,646.0
2025-07-12,FIT-DIR,官网小程序直销,37,16.9,21443.0,580.0
2025-07-12,FIT-OTA,OTA散客,69,31.5,36372.0,527.0
2025-07-12,CORP,协议公司客户,50,22.8,23241.0,465.0
2025-07-12,LOY,会员忠诚计划,27,12.3,13743.0,509.0
2025-07-12,GRP,团队旅游会议,18,8.2,7013.0,390.0
2025-07-12,LNG,长住客,4,1.8,1347.0,337.0
2025-07-13,FIT-WI,上门散客,14,7.4,9040.0,646.0
2025-07-13,FIT-DIR,官网小程序直销,31,16.4,18169.0,586.0
2025-07-13,FIT-OTA,OTA散客,63,33.3,31401.0,498.0
2025-07-13,CORP,协议公司客户,42,22.2,18368.0,437.0
2025-07-13,LOY,会员忠诚计划,22,11.6,10848.0,493.0
2025-07-13,GRP,团队旅游会议,17,9.0,6392.0,376.0
2025-07-13,LNG,长住客,4,2.1,1334.0,333.0
2025-07-14,FIT-WI,上门散客,13,7.7,7077.0,544.0
2025-07-14,FIT-DIR,官网小程序直销,27,16.1,13170.0,488.0
2025-07-14,FIT-OTA,OTA散客,54,32.1,24503.0,454.0
2025-07-14,CORP,协议公司客户,38,22.6,15363.0,404.0
2025-07-14,LOY,会员忠诚计划,22,13.1,9741.0,443.0
2025-07-14,GRP,团队旅游会议,13,7.7,4499.0,346.0
2025-07-14,LNG,长住客,4,2.4,1150.0,288.0
2025-07-15,FIT-WI,上门散客,15,8.4,8767.0,584.0
2025-07-15,FIT-DIR,官网小程序直销,31,17.4,16474.0,531.0
2025-07-15,FIT-OTA,OTA散客,60,33.7,28702.0,478.0
2025-07-15,CORP,协议公司客户,38,21.3,16284.0,429.0
2025-07-15,LOY,会员忠诚计划,21,11.8,9980.0,475.0
2025-07-15,GRP,团队旅游会议,15,8.4,5693.0,380.0
2025-07-15,LNG,长住客,3,1.7,923.0,308.0
2025-07-16,FIT-WI,上门散客,13,7.6,7807.0,601.0
2025-07-16,FIT-DIR,官网小程序直销,31,18.1,16383.0,528.0
2025-07-16,FIT-OTA,OTA散客,51,29.8,24907.0,488.0
2025-07-16,CORP,协议公司客户,37,21.6,15804.0,427.0
2025-07-16,LOY,会员忠诚计划,21,12.3,9902.0,472.0
2025-07-16,GRP,团队旅游会议,14,8.2,5195.0,371.0
2025-07-16,LNG,长住客,3,1.8,908.0,303.0
2025-07-17,FIT-WI,上门散客,15,8.5,8747.0,583.0
2025-07-17,FIT-DIR,官网小程序直销,27,15.3,13954.0,517.0
2025-07-17,FIT-OTA,OTA散客,59,33.5,27363.0,464.0
2025-07-17,CORP,协议公司客户,38,21.6,15787.0,415.0
2025-07-17,LOY,会员忠诚计划,22,12.5,10083.0,458.0
2025-07-17,GRP,团队旅游会议,14,8.0,4904.0,350.0
2025-07-17,LNG,长住客,4,2.3,1217.0,304.0
2025-07-18,FIT-WI,上门散客,15,8.0,9567.0,638.0
2025-07-18,FIT-DIR,官网小程序直销,33,17.6,19386.0,587.0
2025-07-18,FIT-OTA,OTA散客,63,33.5,33900.0,538.0
2025-07-18,CORP,协议公司客户,39,20.7,17480.0,448.0
2025-07-18,LOY,会员忠诚计划,21,11.2,10330.0,492.0
2025-07-18,GRP,团队旅游会议,14,7.4,5511.0,394.0
2025-07-18,LNG,长住客,3,1.6,1028.0,343.0
2025-07-19,FIT-WI,上门散客,19,8.8,12067.0,635.0
2025-07-19,FIT-DIR,官网小程序直销,37,17.1,21563.0,583.0
2025-07-19,FIT-OTA,OTA散客,69,31.8,36529.0,529.0
2025-07-19,CORP,协议公司客户,46,21.2,22107.0,481.0
2025-07-19,LOY,会员忠诚计划,24,11.1,12495.0,521.0
2025-07-19,GRP,团队旅游会议,16,7.4,6201.0,388.0
2025-07-19,LNG,长住客,4,1.8,1402.0,350.0
2025-07-20,FIT-WI,上门散客,15,7.5,9248.0,617.0
2025-07-20,FIT-DIR,官网小程序直销,32,16.0,17470.0,546.0
2025-07-20,FIT-OTA,OTA散客,63,31.5,31594.0,501.0
2025-07-20,CORP,协议公司客户,45,22.5,19568.0,435.0
2025-07-20,LOY,会员忠诚计划,25,12.5,12388.0,496.0
2025-07-20,GRP,团队旅游会议,16,8.0,6042.0,378.0
2025-07-20,LNG,长住客,4,2.0,1251.0,313.0
2025-07-21,FIT-WI,上门散客,13,8.0,7518.0,578.0
2025-07-21,FIT-DIR,官网小程序直销,27,16.6,13814.0,512.0
2025-07-21,FIT-OTA,OTA散客,52,31.9,23597.0,454.0
2025-07-21,CORP,协议公司客户,38,23.3,15863.0,417.0
2025-07-21,LOY,会员忠诚计划,19,11.7,8960.0,472.0
2025-07-21,GRP,团队旅游会议,14,8.6,4908.0,351.0
2025-07-21,LNG,长住客,3,1.8,895.0,298.0
2025-07-22,FIT-WI,上门散客,14,7.8,8366.0,598.0
2025-07-22,FIT-DIR,官网小程序直销,28,15.6,15064.0,538.0
2025-07-22,FIT-OTA,OTA散客,54,30.0,27251.0,505.0
2025-07-22,CORP,协议公司客户,36,20.0,15501.0,431.0
2025-07-22,LOY,会员忠诚计划,21,11.7,9979.0,475.0
2025-07-22,GRP,团队旅游会议,14,7.8,5257.0,375.0
2025-07-22,LNG,长住客,4,2.2,1283.0,321.0
2025-07-23,FIT-WI,上门散客,13,7.3,7337.0,564.0
2025-07-23,FIT-DIR,官网小程序直销,33,18.5,16710.0,506.0
2025-07-23,FIT-OTA,OTA散客,50,28.1,24065.0,481.0
2025-07-23,CORP,协议公司客户,43,24.2,17456.0,406.0
2025-07-23,LOY,会员忠诚计划,20,11.2,8681.0,434.0
2025-07-23,GRP,团队旅游会议,14,7.9,4754.0,340.0
2025-07-23,LNG,长住客,3,1.7,851.0,284.0
2025-07-24,FIT-WI,上门散客,16,8.6,9314.0,582.0
2025-07-24,FIT-DIR,官网小程序直销,30,16.2,15658.0,522.0
2025-07-24,FIT-OTA,OTA散客,61,33.0,30563.0,501.0
2025-07-24,CORP,协议公司客户,39,21.1,16720.0,429.0
2025-07-24,LOY,会员忠诚计划,20,10.8,9523.0,476.0
2025-07-24,GRP,团队旅游会议,15,8.1,5380.0,359.0
2025-07-24,LNG,长住客,4,2.2,1221.0,305.0
2025-07-25,FIT-WI,上门散客,15,7.3,9043.0,603.0
2025-07-25,FIT-DIR,官网小程序直销,35,17.1,18195.0,520.0
2025-07-25,FIT-OTA,OTA散客,63,30.7,29924.0,475.0
2025-07-25,CORP,协议公司客户,49,23.9,20144.0,411.0
2025-07-25,LOY,会员忠诚计划,27,13.2,13124.0,486.0
2025-07-25,GRP,团队旅游会议,16,7.8,5701.0,356.0
2025-07-25,LNG,长住客,4,2.0,1217.0,304.0
2025-07-26,FIT-WI,上门散客,17,8.1,9991.0,588.0
2025-07-26,FIT-DIR,官网小程序直销,38,18.1,21060.0,554.0
2025-07-26,FIT-OTA,OTA散客,61,29.0,32105.0,526.0
2025-07-26,CORP,协议公司客户,44,21.0,19397.0,441.0
2025-07-26,LOY,会员忠诚计划,25,11.9,12012.0,480.0
2025-07-26,GRP,团队旅游会议,16,7.6,6205.0,388.0
2025-07-26,LNG,长住客,4,1.9,1315.0,329.0
2025-07-27,FIT-WI,上门散客,15,7.8,9040.0,603.0
2025-07-27,FIT-DIR,官网小程序直销,30,15.5,16206.0,540.0
2025-07-27,FIT-OTA,OTA散客,63,32.6,31888.0,506.0
2025-07-27,CORP,协议公司客户,43,22.3,18403.0,428.0
2025-07-27,LOY,会员忠诚计划,24,12.4,11389.0,475.0
2025-07-27,GRP,团队旅游会议,17,8.8,6581.0,387.0
2025-07-27,LNG,长住客,4,2.1,1238.0,309.0
2025-07-28,FIT-WI,上门散客,13,7.4,7552.0,581.0
2025-07-28,FIT-DIR,官网小程序直销,32,18.3,15673.0,490.0
2025-07-28,FIT-OTA,OTA散客,50,28.6,23924.0,478.0
2025-07-28,CORP,协议公司客户,38,21.7,16021.0,422.0
2025-07-28,LOY,会员忠诚计划,21,12.0,9876.0,470.0
2025-07-28,GRP,团队旅游会议,15,8.6,5234.0,349.0
2025-07-28,LNG,长住客,3,1.7,921.0,307.0
2025-07-29,FIT-WI,上门散客,13,7.6,7767.0,597.0
2025-07-29,FIT-DIR,官网小程序直销,30,17.4,15746.0,525.0
2025-07-29,FIT-OTA,OTA散客,57,33.1,26875.0,471.0
2025-07-29,CORP,协议公司客户,39,22.7,16893.0,433.0
2025-07-29,LOY,会员忠诚计划,22,12.8,9989.0,454.0
2025-07-29,GRP,团队旅游会议,13,7.6,4536.0,349.0
2025-07-29,LNG,长住客,3,1.7,938.0,313.0
2025-07-30,FIT-WI,上门散客,14,7.7,8010.0,572.0
2025-07-30,FIT-DIR,官网小程序直销,32,17.5,16480.0,515.0
2025-07-30,FIT-OTA,OTA散客,56,30.6,28466.0,508.0
2025-07-30,CORP,协议公司客户,38,20.8,15958.0,420.0
2025-07-30,LOY,会员忠诚计划,21,11.5,9803.0,467.0
2025-07-30,GRP,团队旅游会议,15,8.2,5462.0,364.0
2025-07-30,LNG,长住客,4,2.2,1275.0,319.0
2025-07-31,FIT-WI,上门散客,13,7.0,7618.0,586.0
2025-07-31,FIT-DIR,官网小程序直销,29,15.5,15471.0,533.0
2025-07-31,FIT-OTA,OTA散客,53,28.3,26653.0,503.0
2025-07-31,CORP,协议公司客户,39,20.9,16203.0,415.0
2025-07-31,LOY,会员忠诚计划,20,10.7,9739.0,487.0
2025-07-31,GRP,团队旅游会议,16,8.6,6086.0,380.0
2025-07-31,LNG,长住客,3,1.6,903.0,301.0
2025-08-01,FIT-WI,上门散客,21,8.0,15293.0,728.0
2025-08-01,FIT-DIR,官网小程序直销,43,16.3,26660.0,620.0
2025-08-01,FIT-OTA,OTA散客,81,30.7,48032.0,593.0
2025-08-01,CORP,协议公司客户,53,20.1,27679.0,522.0
2025-08-01,LOY,会员忠诚计划,29,11.0,16093.0,555.0
2025-08-01,GRP,团队旅游会议,20,7.6,8745.0,437.0
2025-08-01,LNG,长住客,6,2.3,2324.0,387.0
2025-08-02,FIT-WI,上门散客,24,8.0,17216.0,717.0
2025-08-02,FIT-DIR,官网小程序直销,49,16.3,33886.0,692.0
2025-08-02,FIT-OTA,OTA散客,99,33.0,59327.0,599.0
2025-08-02,CORP,协议公司客户,60,20.0,32285.0,538.0
2025-08-02,LOY,会员忠诚计划,33,11.0,19437.0,589.0
2025-08-02,GRP,团队旅游会议,24,8.0,11087.0,462.0
2025-08-02,LNG,长住客,6,2.0,2245.0,374.0
2025-08-03,FIT-WI,上门散客,21,8.6,14555.0,693.0
2025-08-03,FIT-DIR,官网小程序直销,38,15.5,23948.0,630.0
2025-08-03,FIT-OTA,OTA散客,77,31.4,45804.0,595.0
2025-08-03,CORP,协议公司客户,53,21.6,27305.0,515.0
2025-08-03,LOY,会员忠诚计划,27,11.0,15588.0,577.0
2025-08-03,GRP,团队旅游会议,20,8.2,8871.0,444.0
2025-08-03,LNG,长住客,4,1.6,1528.0,382.0
2025-08-04,FIT-WI,上门散客,17,7.9,11921.0,701.0
2025-08-04,FIT-DIR,官网小程序直销,34,15.7,22016.0,648.0
2025-08-04,FIT-OTA,OTA散客,61,28.2,34726.0,569.0
2025-08-04,CORP,协议公司客户,45,20.8,22950.0,510.0
2025-08-04,LOY,会员忠诚计划,24,11.1,13534.0,564.0
2025-08-04,GRP,团队旅游会议,17,7.9,7451.0,438.0
2025-08-04,LNG,长住客,4,1.9,1511.0,378.0
2025-08-05,FIT-WI,上门散客,16,7.3,11031.0,689.0
2025-08-05,FIT-DIR,官网小程序直销,34,15.6,22190.0,653.0
2025-08-05,FIT-OTA,OTA散客,62,28.4,35064.0,566.0
2025-08-05,CORP,协议公司客户,52,23.9,25536.0,491.0
2025-08-05,LOY,会员忠诚计划,25,11.5,14384.0,575.0
2025-08-05,GRP,团队旅游会议,17,7.8,7669.0,451.0
2025-08-05,LNG,长住客,4,1.8,1483.0,371.0
2025-08-06,FIT-WI,上门散客,16,7.5,11395.0,712.0
2025-08-06,FIT-DIR,官网小程序直销,37,17.5,22901.0,619.0
2025-08-06,FIT-OTA,OTA散客,68,32.1,40171.0,591.0
2025-08-06,CORP,协议公司客户,44,20.8,22323.0,507.0
2025-08-06,LOY,会员忠诚计划,27,12.7,15868.0,588.0
2025-08-06,GRP,团队旅游会议,17,8.0,7794.0,458.0
2025-08-06,LNG,长住客,5,2.4,1879.0,376.0
2025-08-07,FIT-WI,上门散客,17,7.1,12096.0,712.0
2025-08-07,FIT-DIR,官网小程序直销,38,15.8,23173.0,610.0
2025-08-07,FIT-OTA,OTA散客,78,32.5,44709.0,573.0
2025-08-07,CORP,协议公司客户,50,20.8,25656.0,513.0
2025-08-07,LOY,会员忠诚计划,27,11.2,15497.0,574.0
2025-08-07,GRP,团队旅游会议,18,7.5,7911.0,439.0
2025-08-07,LNG,长住客,4,1.7,1468.0,367.0
2025-08-08,FIT-WI,上门散客,22,8.3,16552.0,752.0
2025-08-08,FIT-DIR,官网小程序直销,42,15.8,26605.0,633.0
2025-08-08,FIT-OTA,OTA散客,81,30.6,50261.0,621.0
2025-08-08,CORP,协议公司客户,53,20.0,28474.0,537.0
2025-08-08,LOY,会员忠诚计划,35,13.2,19812.0,566.0
2025-08-08,GRP,团队旅游会议,23,8.7,10206.0,444.0
2025-08-08,LNG,长住客,6,2.3,2284.0,381.0
2025-08-09,FIT-WI,上门散客,23,7.7,18427.0,801.0
2025-08-09,FIT-DIR,官网小程序直销,53,17.7,36214.0,683.0
2025-08-09,FIT-OTA,OTA散客,90,30.1,56286.0,625.0
2025-08-09,CORP,协议公司客户,65,21.7,35900.0,552.0
2025-08-09,LOY,会员忠诚计划,38,12.7,22969.0,604.0
2025-08-09,GRP,团队旅游会议,24,8.0,12041.0,502.0
2025-08-09,LNG,长住客,6,2.0,2515.0,419.0
2025-08-10,FIT-WI,上门散客,18,7.6,12501.0,694.0
2025-08-10,FIT-DIR,官网小程序直销,40,16.9,24661.0,617.0
2025-08-10,FIT-OTA,OTA散客,69,29.1,41014.0,594.0
2025-08-10,CORP,协议公司客户,50,21.1,24930.0,499.0
2025-08-10,LOY,会员忠诚计划,27,11.4,15989.0,592.0
2025-08-10,GRP,团队旅游会议,18,7.6,7781.0,432.0
2025-08-10,LNG,长住客,5,2.1,1883.0,377.0
2025-08-11,FIT-WI,上门散客,18,8.6,12074.0,671.0
2025-08-11,FIT-DIR,官网小程序直销,36,17.2,21110.0,586.0
2025-08-11,FIT-OTA,OTA散客,61,29.2,34817.0,571.0
2025-08-11,CORP,协议公司客户,50,23.9,24016.0,480.0
2025-08-11,LOY,会员忠诚计划,26,12.4,14350.0,552.0
2025-08-11,GRP,团队旅游会议,15,7.2,6193.0,413.0
2025-08-11,LNG,长住客,4,1.9,1378.0,344.0
2025-08-12,FIT-WI,上门散客,18,8.3,11882.0,660.0
2025-08-12,FIT-DIR,官网小程序直销,38,17.4,23172.0,610.0
2025-08-12,FIT-OTA,OTA散客,69,31.7,38173.0,553.0
2025-08-12,CORP,协议公司客户,44,20.2,21283.0,484.0
2025-08-12,LOY,会员忠诚计划,27,12.4,14435.0,535.0
2025-08-12,GRP,团队旅游会议,18,8.3,7928.0,440.0
2025-08-12,LNG,长住客,4,1.8,1439.0,360.0
2025-08-13,FIT-WI,上门散客,19,8.3,11846.0,623.0
2025-08-13,FIT-DIR,官网小程序直销,39,17.1,22245.0,570.0
2025-08-13,FIT-OTA,OTA散客,65,28.5,33883.0,521.0
2025-08-13,CORP,协议公司客户,47,20.6,21466.0,457.0
2025-08-13,LOY,会员忠诚计划,26,11.4,13072.0,503.0
2025-08-13,GRP,团队旅游会议,19,8.3,7804.0,411.0
2025-08-13,LNG,长住客,4,1.8,1344.0,336.0
2025-08-14,FIT-WI,上门散客,17,7.5,11680.0,687.0
2025-08-14,FIT-DIR,官网小程序直销,42,18.5,27270.0,649.0
2025-08-14,FIT-OTA,OTA散客,75,33.0,44949.0,599.0
2025-08-14,CORP,协议公司客户,47,20.7,24695.0,525.0
2025-08-14,LOY,会员忠诚计划,26,11.5,15094.0,581.0
2025-08-14,GRP,团队旅游会议,20,8.8,8419.0,421.0
2025-08-14,LNG,长住客,5,2.2,1861.0,372.0
2025-08-15,FIT-WI,上门散客,22,8.8,15652.0,711.0
2025-08-15,FIT-DIR,官网小程序直销,41,16.4,25380.0,619.0
2025-08-15,FIT-OTA,OTA散客,80,32.0,46247.0,578.0
2025-08-15,CORP,协议公司客户,51,20.4,25462.0,499.0
2025-08-15,LOY,会员忠诚计划,28,11.2,16094.0,575.0
2025-08-15,GRP,团队旅游会议,22,8.8,9635.0,438.0
2025-08-15,LNG,长住客,5,2.0,1855.0,371.0
2025-08-16,FIT-WI,上门散客,21,7.7,17359.0,827.0
2025-08-16,FIT-DIR,官网小程序直销,51,18.6,36826.0,722.0
2025-08-16,FIT-OTA,OTA散客,83,30.3,53727.0,647.0
2025-08-16,CORP,协议公司客户,62,22.6,36624.0,591.0
2025-08-16,LOY,会员忠诚计划,31,11.3,19489.0,629.0
2025-08-16,GRP,团队旅游会议,21,7.7,10803.0,514.0
2025-08-16,LNG,长住客,6,2.2,2499.0,417.0
2025-08-17,FIT-WI,上门散客,18,7.6,12784.0,710.0
2025-08-17,FIT-DIR,官网小程序直销,38,16.0,23227.0,611.0
2025-08-17,FIT-OTA,OTA散客,77,32.4,45760.0,594.0
2025-08-17,CORP,协议公司客户,52,21.8,26943.0,518.0
2025-08-17,LOY,会员忠诚计划,29,12.2,15709.0,542.0
2025-08-17,GRP,团队旅游会议,20,8.4,9020.0,451.0
2025-08-17,LNG,长住客,5,2.1,1856.0,371.0
2025-08-18,FIT-WI,上门散客,16,7.1,10159.0,635.0
2025-08-18,FIT-DIR,官网小程序直销,41,18.1,25211.0,615.0
2025-08-18,FIT-OTA,OTA散客,77,34.1,42307.0,549.0
2025-08-18,CORP,协议公司客户,51,22.6,25135.0,493.0
2025-08-18,LOY,会员忠诚计划,27,11.9,14117.0,523.0
2025-08-18,GRP,团队旅游会议,17,7.5,6885.0,405.0
2025-08-18,LNG,长住客,5,2.2,1670.0,334.0
2025-08-19,FIT-WI,上门散客,17,7.6,11604.0,683.0
2025-08-19,FIT-DIR,官网小程序直销,41,18.3,25286.0,617.0
2025-08-19,FIT-OTA,OTA散客,66,29.5,36548.0,554.0
2025-08-19,CORP,协议公司客户,47,21.0,22726.0,484.0
2025-08-19,LOY,会员忠诚计划,27,12.1,14363.0,532.0
2025-08-19,GRP,团队旅游会议,16,7.1,6794.0,425.0
2025-08-19,LNG,长住客,5,2.2,1830.0,366.0
2025-08-20,FIT-WI,上门散客,18,8.0,12695.0,705.0
2025-08-20,FIT-DIR,官网小程序直销,41,18.1,24948.0,608.0
2025-08-20,FIT-OTA,OTA散客,76,33.6,43033.0,566.0
2025-08-20,CORP,协议公司客户,48,21.2,24770.0,516.0
2025-08-20,LOY,会员忠诚计划,30,13.3,16824.0,561.0
2025-08-20,GRP,团队旅游会议,19,8.4,8412.0,443.0
2025-08-20,LNG,长住客,5,2.2,1862.0,372.0
2025-08-21,FIT-WI,上门散客,18,7.5,12841.0,713.0
2025-08-21,FIT-DIR,官网小程序直销,43,17.9,28101.0,654.0
2025-08-21,FIT-OTA,OTA散客,75,31.2,42661.0,569.0
2025-08-21,CORP,协议公司客户,50,20.8,25717.0,514.0
2025-08-21,LOY,会员忠诚计划,29,12.1,16753.0,578.0
2025-08-21,GRP,团队旅游会议,19,7.9,8396.0,442.0
2025-08-21,LNG,长住客,4,1.7,1489.0,372.0
2025-08-22,FIT-WI,上门散客,22,7.9,16680.0,758.0
2025-08-22,FIT-DIR,官网小程序直销,52,18.7,37102.0,713.0
2025-08-22,FIT-OTA,OTA散客,84,30.2,51390.0,612.0
2025-08-22,CORP,协议公司客户,59,21.2,31332.0,531.0
2025-08-22,LOY,会员忠诚计划,31,11.2,19140.0,617.0
2025-08-22,GRP,团队旅游会议,21,7.6,9869.0,470.0
2025-08-22,LNG,长住客,5,1.8,2080.0,416.0
2025-08-23,FIT-WI,上门散客,22,7.4,16770.0,762.0
2025-08-23,FIT-DIR,官网小程序直销,49,16.4,35318.0,721.0
2025-08-23,FIT-OTA,OTA散客,84,28.2,56199.0,669.0
2025-08-23,CORP,协议公司客户,69,23.2,40393.0,585.0
2025-08-23,LOY,会员忠诚计划,38,12.8,23785.0,626.0
2025-08-23,GRP,团队旅游会议,25,8.4,12299.0,492.0
2025-08-23,LNG,长住客,6,2.0,2406.0,401.0
2025-08-24,FIT-WI,上门散客,22,8.8,16199.0,736.0
2025-08-24,FIT-DIR,官网小程序直销,42,16.7,27197.0,648.0
2025-08-24,FIT-OTA,OTA散客,85,33.9,49268.0,580.0
2025-08-24,CORP,协议公司客户,50,19.9,24921.0,498.0
2025-08-24,LOY,会员忠诚计划,33,13.1,19693.0,597.0
2025-08-24,GRP,团队旅游会议,22,8.8,10189.0,463.0
2025-08-24,LNG,长住客,5,2.0,1850.0,370.0
2025-08-25,FIT-WI,上门散客,16,7.4,10783.0,674.0
2025-08-25,FIT-DIR,官网小程序直销,35,16.1,21223.0,606.0
2025-08-25,FIT-OTA,OTA散客,61,28.1,34474.0,565.0
2025-08-25,CORP,协议公司客户,48,22.1,22147.0,461.0
2025-08-25,LOY,会员忠诚计划,24,11.1,12901.0,538.0
2025-08-25,GRP,团队旅游会议,18,8.3,7117.0,395.0
2025-08-25,LNG,长住客,4,1.8,1421.0,355.0
2025-08-26,FIT-WI,上门散客,17,7.3,12292.0,723.0
2025-08-26,FIT-DIR,官网小程序直销,38,16.4,23606.0,621.0
2025-08-26,FIT-OTA,OTA散客,70,30.2,42567.0,608.0
2025-08-26,CORP,协议公司客户,54,23.3,28386.0,526.0
2025-08-26,LOY,会员忠诚计划,29,12.5,16758.0,578.0
2025-08-26,GRP,团队旅游会议,19,8.2,8104.0,427.0
2025-08-26,LNG,长住客,4,1.7,1510.0,378.0
2025-08-27,FIT-WI,上门散客,16,7.5,10401.0,650.0
2025-08-27,FIT-DIR,官网小程序直销,35,16.4,20261.0,579.0
2025-08-27,FIT-OTA,OTA散客,67,31.3,37421.0,559.0
2025-08-27,CORP,协议公司客户,44,20.6,21896.0,498.0
2025-08-27,LOY,会员忠诚计划,24,11.2,12554.0,523.0
2025-08-27,GRP,团队旅游会议,16,7.5,6519.0,407.0
2025-08-27,LNG,长住客,4,1.9,1386.0,346.0
2025-08-28,FIT-WI,上门散客,16,7.3,10834.0,677.0
2025-08-28,FIT-DIR,官网小程序直销,35,16.0,22002.0,629.0
2025-08-28,FIT-OTA,OTA散客,73,33.3,43068.0,590.0
2025-08-28,CORP,协议公司客户,45,20.5,21376.0,475.0
2025-08-28,LOY,会员忠诚计划,24,11.0,13509.0,563.0
2025-08-28,GRP,团队旅游会议,17,7.8,7116.0,419.0
2025-08-28,LNG,长住客,5,2.3,1753.0,351.0
2025-08-29,FIT-WI,上门散客,21,7.7,16046.0,764.0
2025-08-29,FIT-DIR,官网小程序直销,44,16.1,29024.0,660.0
2025-08-29,FIT-OTA,OTA散客,85,31.0,53578.0,630.0
2025-08-29,CORP,协议公司客户,65,23.7,35364.0,544.0
2025-08-29,LOY,会员忠诚计划,31,11.3,18690.0,603.0
2025-08-29,GRP,团队旅游会议,21,7.7,10134.0,483.0
2025-08-29,LNG,长住客,5,1.8,2056.0,411.0
2025-08-30,FIT-WI,上门散客,22,7.6,17594.0,800.0
2025-08-30,FIT-DIR,官网小程序直销,49,16.9,33346.0,681.0
2025-08-30,FIT-OTA,OTA散客,86,29.7,54111.0,629.0
2025-08-30,CORP,协议公司客户,69,23.8,38317.0,555.0
2025-08-30,LOY,会员忠诚计划,34,11.7,21870.0,643.0
2025-08-30,GRP,团队旅游会议,21,7.2,10034.0,478.0
2025-08-30,LNG,长住客,6,2.1,2459.0,410.0
2025-08-31,FIT-WI,上门散客,20,7.8,14181.0,709.0
2025-08-31,FIT-DIR,官网小程序直销,44,17.1,27863.0,633.0
2025-08-31,FIT-OTA,OTA散客,74,28.7,42829.0,579.0
2025-08-31,CORP,协议公司客户,56,21.7,28590.0,511.0
2025-08-31,LOY,会员忠诚计划,32,12.4,18262.0,571.0
2025-08-31,GRP,团队旅游会议,20,7.8,8445.0,422.0
2025-08-31,LNG,长住客,5,1.9,1884.0,377.0
2025-09-01,FIT-WI,上门散客,21,8.7,13987.0,666.0
2025-09-01,FIT-DIR,官网小程序直销,45,18.6,27366.0,608.0
2025-09-01,FIT-OTA,OTA散客,82,33.9,45102.0,550.0
2025-09-01,CORP,协议公司客户,55,22.7,27275.0,496.0
2025-09-01,LOY,会员忠诚计划,30,12.4,16023.0,534.0
2025-09-01,GRP,团队旅游会议,20,8.3,8648.0,432.0
2025-09-01,LNG,长住客,5,2.1,1784.0,357.0
2025-09-02,FIT-WI,上门散客,18,7.6,12461.0,692.0
2025-09-02,FIT-DIR,官网小程序直销,37,15.6,23495.0,635.0
2025-09-02,FIT-OTA,OTA散客,77,32.5,44316.0,576.0
2025-09-02,CORP,协议公司客户,55,23.2,27459.0,499.0
2025-09-02,LOY,会员忠诚计划,29,12.2,16012.0,552.0
2025-09-02,GRP,团队旅游会议,20,8.4,8580.0,429.0
2025-09-02,LNG,长住客,5,2.1,1837.0,367.0
2025-09-03,FIT-WI,上门散客,21,8.5,15151.0,721.0
2025-09-03,FIT-DIR,官网小程序直销,43,17.5,29429.0,684.0
2025-09-03,FIT-OTA,OTA散客,83,33.7,52784.0,636.0
2025-09-03,CORP,协议公司客户,50,20.3,27028.0,541.0
2025-09-03,LOY,会员忠诚计划,31,12.6,17937.0,579.0
2025-09-03,GRP,团队旅游会议,20,8.1,8864.0,443.0
2025-09-03,LNG,长住客,5,2.0,2014.0,403.0
2025-09-04,FIT-WI,上门散客,20,8.0,14608.0,730.0
2025-09-04,FIT-DIR,官网小程序直销,39,15.7,25465.0,653.0
2025-09-04,FIT-OTA,OTA散客,73,29.3,43827.0,600.0
2025-09-04,CORP,协议公司客户,52,20.9,29188.0,561.0
2025-09-04,LOY,会员忠诚计划,32,12.9,19729.0,617.0
2025-09-04,GRP,团队旅游会议,20,8.0,9251.0,463.0
2025-09-04,LNG,长住客,5,2.0,2058.0,412.0
2025-09-05,FIT-WI,上门散客,22,7.3,18527.0,842.0
2025-09-05,FIT-DIR,官网小程序直销,49,16.3,37317.0,762.0
2025-09-05,FIT-OTA,OTA散客,85,28.2,56025.0,659.0
2025-09-05,CORP,协议公司客户,63,20.9,38195.0,606.0
2025-09-05,LOY,会员忠诚计划,39,13.0,25123.0,644.0
2025-09-05,GRP,团队旅游会议,26,8.6,13651.0,525.0
2025-09-05,LNG,长住客,5,1.7,2158.0,432.0
2025-09-06,FIT-WI,上门散客,26,8.2,22906.0,881.0
2025-09-06,FIT-DIR,官网小程序直销,50,15.7,38452.0,769.0
2025-09-06,FIT-OTA,OTA散客,94,29.6,69002.0,734.0
2025-09-06,CORP,协议公司客户,64,20.1,41049.0,641.0
2025-09-06,LOY,会员忠诚计划,38,11.9,26303.0,692.0
2025-09-06,GRP,团队旅游会议,25,7.9,13107.0,524.0
2025-09-06,LNG,长住客,7,2.2,3268.0,467.0
2025-09-07,FIT-WI,上门散客,19,7.3,14333.0,754.0
2025-09-07,FIT-DIR,官网小程序直销,43,16.4,28638.0,666.0
2025-09-07,FIT-OTA,OTA散客,89,34.0,57509.0,646.0
2025-09-07,CORP,协议公司客户,60,22.9,33923.0,565.0
2025-09-07,LOY,会员忠诚计划,32,12.2,19779.0,618.0
2025-09-07,GRP,团队旅游会议,22,8.4,10756.0,489.0
2025-09-07,LNG,长住客,5,1.9,1983.0,397.0
2025-09-08,FIT-WI,上门散客,18,7.4,12115.0,673.0
2025-09-08,FIT-DIR,官网小程序直销,42,17.3,26118.0,622.0
2025-09-08,FIT-OTA,OTA散客,77,31.7,42059.0,546.0
2025-09-08,CORP,协议公司客户,49,20.2,23447.0,479.0
2025-09-08,LOY,会员忠诚计划,28,11.5,15406.0,550.0
2025-09-08,GRP,团队旅游会议,18,7.4,7663.0,426.0
2025-09-08,LNG,长住客,5,2.1,1860.0,372.0
2025-09-09,FIT-WI,上门散客,19,7.6,13382.0,704.0
2025-09-09,FIT-DIR,官网小程序直销,40,16.0,25019.0,625.0
2025-09-09,FIT-OTA,OTA散客,70,28.0,41724.0,596.0
2025-09-09,CORP,协议公司客户,60,24.0,30982.0,516.0
2025-09-09,LOY,会员忠诚计划,30,12.0,17432.0,581.0
2025-09-09,GRP,团队旅游会议,18,7.2,8188.0,455.0
2025-09-09,LNG,长住客,5,2.0,1942.0,388.0
2025-09-10,FIT-WI,上门散客,20,8.2,14649.0,732.0
2025-09-10,FIT-DIR,官网小程序直销,41,16.7,26834.0,654.0
2025-09-10,FIT-OTA,OTA散客,71,29.0,41514.0,585.0
2025-09-10,CORP,协议公司客户,51,20.8,26157.0,513.0
2025-09-10,LOY,会员忠诚计划,26,10.6,14740.0,567.0
2025-09-10,GRP,团队旅游会议,19,7.8,8260.0,435.0
2025-09-10,LNG,长住客,5,2.0,1836.0,367.0
2025-09-11,FIT-WI,上门散客,19,7.9,14165.0,746.0
2025-09-11,FIT-DIR,官网小程序直销,37,15.4,24339.0,658.0
2025-09-11,FIT-OTA,OTA散客,75,31.1,46457.0,619.0
2025-09-11,CORP,协议公司客户,54,22.4,28861.0,534.0
2025-09-11,LOY,会员忠诚计划,29,12.0,16503.0,569.0
2025-09-11,GRP,团队旅游会议,18,7.5,8417.0,468.0
2025-09-11,LNG,长住客,5,2.1,1893.0,379.0
2025-09-12,FIT-WI,上门散客,26,8.2,20064.0,772.0
2025-09-12,FIT-DIR,官网小程序直销,57,18.0,41235.0,723.0
2025-09-12,FIT-OTA,OTA散客,100,31.5,63434.0,634.0
2025-09-12,CORP,协议公司客户,69,21.8,39908.0,578.0
2025-09-12,LOY,会员忠诚计划,35,11.0,23103.0,660.0
2025-09-12,GRP,团队旅游会议,27,8.5,12934.0,479.0
2025-09-12,LNG,长住客,7,2.2,2966.0,424.0
2025-09-13,FIT-WI,上门散客,24,7.5,21151.0,881.0
2025-09-13,FIT-DIR,官网小程序直销,56,17.6,44707.0,798.0
2025-09-13,FIT-OTA,OTA散客,90,28.3,65889.0,732.0
2025-09-13,CORP,协议公司客户,76,23.9,47876.0,630.0
2025-09-13,LOY,会员忠诚计划,37,11.6,26668.0,721.0
2025-09-13,GRP,团队旅游会议,26,8.2,14609.0,562.0
2025-09-13,LNG,长住客,6,1.9,2853.0,475.0
2025-09-14,FIT-WI,上门散客,21,8.0,16420.0,782.0
2025-09-14,FIT-DIR,官网小程序直销,41,15.6,29377.0,717.0
2025-09-14,FIT-OTA,OTA散客,74,28.2,49584.0,670.0
2025-09-14,CORP,协议公司客户,61,23.3,33766.0,554.0
2025-09-14,LOY,会员忠诚计划,30,11.5,18280.0,609.0
2025-09-14,GRP,团队旅游会议,20,7.6,9601.0,480.0
2025-09-14,LNG,长住客,6,2.3,2412.0,402.0
2025-09-15,FIT-WI,上门散客,16,7.2,10522.0,658.0
2025-09-15,FIT-DIR,官网小程序直销,35,15.8,20742.0,593.0
2025-09-15,FIT-OTA,OTA散客,75,33.8,42092.0,561.0
2025-09-15,CORP,协议公司客户,48,21.6,24226.0,505.0
2025-09-15,LOY,会员忠诚计划,28,12.6,15936.0,569.0
2025-09-15,GRP,团队旅游会议,17,7.7,7100.0,418.0
2025-09-15,LNG,长住客,4,1.8,1452.0,363.0
2025-09-16,FIT-WI,上门散客,19,8.2,13961.0,735.0
2025-09-16,FIT-DIR,官网小程序直销,37,15.9,24564.0,664.0
2025-09-16,FIT-OTA,OTA散客,79,33.9,46278.0,586.0
2025-09-16,CORP,协议公司客户,55,23.6,28270.0,514.0
2025-09-16,LOY,会员忠诚计划,29,12.4,16963.0,585.0
2025-09-16,GRP,团队旅游会议,18,7.7,8329.0,463.0
2025-09-16,LNG,长住客,5,2.1,1814.0,363.0
2025-09-17,FIT-WI,上门散客,17,7.5,13055.0,768.0
2025-09-17,FIT-DIR,官网小程序直销,40,17.6,26466.0,662.0
2025-09-17,FIT-OTA,OTA散客,75,33.0,45758.0,610.0
2025-09-17,CORP,协议公司客户,46,20.3,24330.0,529.0
2025-09-17,LOY,会员忠诚计划,25,11.0,15435.0,617.0
2025-09-17,GRP,团队旅游会议,17,7.5,7686.0,452.0
2025-09-17,LNG,长住客,4,1.8,1588.0,397.0
2025-09-18,FIT-WI,上门散客,17,7.2,12948.0,762.0
2025-09-18,FIT-DIR,官网小程序直销,41,17.3,26760.0,653.0
2025-09-18,FIT-OTA,OTA散客,68,28.7,42127.0,620.0
2025-09-18,CORP,协议公司客户,47,19.8,24981.0,532.0
2025-09-18,LOY,会员忠诚计划,28,11.8,16478.0,589.0
2025-09-18,GRP,团队旅游会议,17,7.2,7734.0,455.0
2025-09-18,LNG,长住客,5,2.1,2037.0,407.0
2025-09-19,FIT-WI,上门散客,23,7.6,18703.0,813.0
2025-09-19,FIT-DIR,官网小程序直销,52,17.2,37547.0,722.0
2025-09-19,FIT-OTA,OTA散客,101,33.3,65774.0,651.0
2025-09-19,CORP,协议公司客户,71,23.4,42438.0,598.0
2025-09-19,LOY,会员忠诚计划,38,12.5,24746.0,651.0
2025-09-19,GRP,团队旅游会议,26,8.6,13360.0,514.0
2025-09-19,LNG,长住客,6,2.0,2534.0,422.0
2025-09-20,FIT-WI,上门散客,27,8.5,23230.0,860.0
2025-09-20,FIT-DIR,官网小程序直销,49,15.4,40145.0,819.0
2025-09-20,FIT-OTA,OTA散客,99,31.1,71927.0,727.0
2025-09-20,CORP,协议公司客户,70,22.0,43819.0,626.0
2025-09-20,LOY,会员忠诚计划,36,11.3,26029.0,723.0
2025-09-20,GRP,团队旅游会议,27,8.5,14771.0,547.0
2025-09-20,LNG,长住客,7,2.2,3179.0,454.0
2025-09-21,FIT-WI,上门散客,18,7.2,13892.0,772.0
2025-09-21,FIT-DIR,官网小程序直销,44,17.5,32245.0,733.0
2025-09-21,FIT-OTA,OTA散客,70,27.9,44722.0,639.0
2025-09-21,CORP,协议公司客户,51,20.3,29663.0,582.0
2025-09-21,LOY,会员忠诚计划,30,12.0,19484.0,649.0
2025-09-21,GRP,团队旅游会议,21,8.4,10618.0,506.0
2025-09-21,LNG,长住客,5,2.0,1991.0,398.0
2025-09-22,FIT-WI,上门散客,19,8.2,13404.0,705.0
2025-09-22,FIT-DIR,官网小程序直销,41,17.7,25561.0,623.0
2025-09-22,FIT-OTA,OTA散客,69,29.9,38273.0,555.0
2025-09-22,CORP,协议公司客户,55,23.8,26767.0,487.0
2025-09-22,LOY,会员忠诚计划,26,11.3,14046.0,540.0
2025-09-22,GRP,团队旅游会议,17,7.4,7354.0,433.0
2025-09-22,LNG,长住客,4,1.7,1503.0,376.0
2025-09-23,FIT-WI,上门散客,20,8.7,14185.0,709.0
2025-09-23,FIT-DIR,官网小程序直销,41,17.8,27389.0,668.0
2025-09-23,FIT-OTA,OTA散客,77,33.5,47901.0,622.0
2025-09-23,CORP,协议公司客户,50,21.7,25527.0,511.0
2025-09-23,LOY,会员忠诚计划,26,11.3,15001.0,577.0
2025-09-23,GRP,团队旅游会议,18,7.8,7886.0,438.0
2025-09-23,LNG,长住客,5,2.2,1876.0,375.0
2025-09-24,FIT-WI,上门散客,19,7.9,13496.0,710.0
2025-09-24,FIT-DIR,官网小程序直销,40,16.5,27149.0,679.0
2025-09-24,FIT-OTA,OTA散客,71,29.3,44641.0,629.0
2025-09-24,CORP,协议公司客户,49,20.2,25647.0,523.0
2025-09-24,LOY,会员忠诚计划,28,11.6,17184.0,614.0
2025-09-24,GRP,团队旅游会议,19,7.9,9078.0,478.0
2025-09-24,LNG,长住客,5,2.1,1975.0,395.0
2025-09-25,FIT-WI,上门散客,22,8.6,16078.0,731.0
2025-09-25,FIT-DIR,官网小程序直销,46,18.0,30475.0,663.0
2025-09-25,FIT-OTA,OTA散客,85,33.2,51686.0,608.0
2025-09-25,CORP,协议公司客户,53,20.7,29140.0,550.0
2025-09-25,LOY,会员忠诚计划,28,10.9,16672.0,595.0
2025-09-25,GRP,团队旅游会议,19,7.4,9002.0,474.0
2025-09-25,LNG,长住客,5,2.0,1962.0,392.0
2025-09-26,FIT-WI,上门散客,27,8.5,22626.0,838.0
2025-09-26,FIT-DIR,官网小程序直销,56,17.6,42326.0,756.0
2025-09-26,FIT-OTA,OTA散客,107,33.6,78883.0,737.0
2025-09-26,CORP,协议公司客户,63,19.8,38328.0,608.0
2025-09-26,LOY,会员忠诚计划,41,12.9,28534.0,696.0
2025-09-26,GRP,团队旅游会议,27,8.5,14139.0,524.0
2025-09-26,LNG,长住客,6,1.9,2617.0,436.0
2025-09-27,FIT-WI,上门散客,26,8.2,23468.0,903.0
2025-09-27,FIT-DIR,官网小程序直销,52,16.4,42551.0,818.0
2025-09-27,FIT-OTA,OTA散客,104,32.7,77551.0,746.0
2025-09-27,CORP,协议公司客户,74,23.3,49242.0,665.0
2025-09-27,LOY,会员忠诚计划,37,11.6,27105.0,733.0
2025-09-27,GRP,团队旅游会议,27,8.5,15021.0,556.0
2025-09-27,LNG,长住客,7,2.2,3463.0,495.0
2025-09-28,FIT-WI,上门散客,28,8.8,24786.0,885.0
2025-09-28,FIT-DIR,官网小程序直销,59,18.6,48490.0,822.0
2025-09-28,FIT-OTA,OTA散客,103,32.4,78470.0,762.0
2025-09-28,CORP,协议公司客户,70,22.0,47032.0,672.0
2025-09-28,LOY,会员忠诚计划,42,13.2,31275.0,745.0
2025-09-28,GRP,团队旅游会议,27,8.5,15890.0,589.0
2025-09-28,LNG,长住客,6,1.9,2814.0,469.0
2025-09-29,FIT-WI,上门散客,28,8.8,24024.0,858.0
2025-09-29,FIT-DIR,官网小程序直销,53,16.7,41663.0,786.0
2025-09-29,FIT-OTA,OTA散客,107,33.8,78384.0,733.0
2025-09-29,CORP,协议公司客户,67,21.1,42133.0,629.0
2025-09-29,LOY,会员忠诚计划,39,12.3,28088.0,720.0
2025-09-29,GRP,团队旅游会议,26,8.2,14348.0,552.0
2025-09-29,LNG,长住客,6,1.9,2739.0,457.0
2025-09-30,FIT-WI,上门散客,19,7.9,13906.0,732.0
2025-09-30,FIT-DIR,官网小程序直销,45,18.6,30021.0,667.0
2025-09-30,FIT-OTA,OTA散客,78,32.2,47420.0,608.0
2025-09-30,CORP,协议公司客户,58,24.0,31044.0,535.0
2025-09-30,LOY,会员忠诚计划,31,12.8,18154.0,586.0
2025-09-30,GRP,团队旅游会议,19,7.9,8516.0,448.0
2025-09-30,LNG,长住客,5,2.1,1972.0,394.0
2025-10-01,FIT-WI,上门散客,24,7.5,20412.0,850.0
2025-10-01,FIT-DIR,官网小程序直销,56,17.6,44831.0,801.0
2025-10-01,FIT-OTA,OTA散客,100,31.4,74380.0,744.0
2025-10-01,CORP,协议公司客户,64,20.1,40718.0,636.0
2025-10-01,LOY,会员忠诚计划,40,12.6,29491.0,737.0
2025-10-01,GRP,团队旅游会议,27,8.5,14748.0,546.0
2025-10-01,LNG,长住客,6,1.9,2764.0,461.0
2025-10-02,FIT-WI,上门散客,26,8.2,23505.0,904.0
2025-10-02,FIT-DIR,官网小程序直销,51,16.0,40622.0,797.0
2025-10-02,FIT-OTA,OTA散客,107,33.6,79388.0,742.0
2025-10-02,CORP,协议公司客户,77,24.2,49366.0,641.0
2025-10-02,LOY,会员忠诚计划,36,11.3,27107.0,753.0
2025-10-02,GRP,团队旅游会议,25,7.9,14152.0,566.0
2025-10-02,LNG,长住客,6,1.9,2880.0,480.0
2025-10-03,FIT-WI,上门散客,27,8.5,27244.0,1009.0
2025-10-03,FIT-DIR,官网小程序直销,55,17.3,47164.0,858.0
2025-10-03,FIT-OTA,OTA散客,101,31.8,84112.0,833.0
2025-10-03,CORP,协议公司客户,67,21.1,45286.0,676.0
2025-10-03,LOY,会员忠诚计划,40,12.6,30245.0,756.0
2025-10-03,GRP,团队旅游会议,26,8.2,15400.0,592.0
2025-10-03,LNG,长住客,7,2.2,3588.0,513.0
2025-10-04,FIT-WI,上门散客,27,8.5,26368.0,977.0
2025-10-04,FIT-DIR,官网小程序直销,56,17.6,51081.0,912.0
2025-10-04,FIT-OTA,OTA散客,108,34.0,94670.0,877.0
2025-10-04,CORP,协议公司客户,73,23.0,52333.0,717.0
2025-10-04,LOY,会员忠诚计划,37,11.6,30984.0,837.0
2025-10-04,GRP,团队旅游会议,26,8.2,16528.0,636.0
2025-10-04,LNG,长住客,6,1.9,3240.0,540.0
2025-10-05,FIT-WI,上门散客,24,7.5,22676.0,945.0
2025-10-05,FIT-DIR,官网小程序直销,59,18.6,48921.0,829.0
2025-10-05,FIT-OTA,OTA散客,92,28.9,73592.0,800.0
2025-10-05,CORP,协议公司客户,64,20.1,43585.0,681.0
2025-10-05,LOY,会员忠诚计划,35,11.0,25343.0,724.0
2025-10-05,GRP,团队旅游会议,25,7.9,14612.0,584.0
2025-10-05,LNG,长住客,6,1.9,2975.0,496.0
2025-10-06,FIT-WI,上门散客,26,8.6,22856.0,879.0
2025-10-06,FIT-DIR,官网小程序直销,48,15.8,39865.0,831.0
2025-10-06,FIT-OTA,OTA散客,97,32.0,72976.0,752.0
2025-10-06,CORP,协议公司客户,67,22.1,41804.0,624.0
2025-10-06,LOY,会员忠诚计划,35,11.6,25070.0,716.0
2025-10-06,GRP,团队旅游会议,24,7.9,12786.0,533.0
2025-10-06,LNG,长住客,6,2.0,2804.0,467.0
2025-10-07,FIT-WI,上门散客,27,8.5,24944.0,924.0
2025-10-07,FIT-DIR,官网小程序直销,59,18.6,49657.0,842.0
2025-10-07,FIT-OTA,OTA散客,103,32.4,81437.0,791.0
2025-10-07,CORP,协议公司客户,75,23.6,51675.0,689.0
2025-10-07,LOY,会员忠诚计划,37,11.6,28205.0,762.0
2025-10-07,GRP,团队旅游会议,26,8.2,15518.0,597.0
2025-10-07,LNG,长住客,6,1.9,2949.0,491.0
2025-10-08,FIT-WI,上门散客,22,8.5,17376.0,790.0
2025-10-08,FIT-DIR,官网小程序直销,45,17.4,32722.0,727.0
2025-10-08,FIT-OTA,OTA散客,74,28.7,49727.0,672.0
2025-10-08,CORP,协议公司客户,61,23.6,35632.0,584.0
2025-10-08,LOY,会员忠诚计划,31,12.0,19879.0,641.0
2025-10-08,GRP,团队旅游会议,21,8.1,10356.0,493.0
2025-10-08,LNG,长住客,5,1.9,2141.0,428.0
2025-10-09,FIT-WI,上门散客,22,8.8,17409.0,791.0
2025-10-09,FIT-DIR,官网小程序直销,44,17.5,31905.0,725.0
2025-10-09,FIT-OTA,OTA散客,80,31.9,49417.0,618.0
2025-10-09,CORP,协议公司客户,54,21.5,29964.0,555.0
2025-10-09,LOY,会员忠诚计划,31,12.4,19573.0,631.0
2025-10-09,GRP,团队旅游会议,19,7.6,9448.0,497.0
2025-10-09,LNG,长住客,5,2.0,1999.0,400.0
2025-10-10,FIT-WI,上门散客,26,8.3,23127.0,890.0
2025-10-10,FIT-DIR,官网小程序直销,55,17.6,41842.0,761.0
2025-10-10,FIT-OTA,OTA散客,88,28.2,63614.0,723.0
2025-10-10,CORP,协议公司客户,64,20.5,40707.0,636.0
2025-10-10,LOY,会员忠诚计划,38,12.2,25882.0,681.0
2025-10-10,GRP,团队旅游会议,27,8.7,14465.0,536.0
2025-10-10,LNG,长住客,6,1.9,2796.0,466.0
2025-10-11,FIT-WI,上门散客,27,8.5,25863.0,958.0
2025-10-11,FIT-DIR,官网小程序直销,51,16.0,42755.0,838.0
2025-10-11,FIT-OTA,OTA散客,99,31.1,80507.0,813.0
2025-10-11,CORP,协议公司客户,65,20.4,43730.0,673.0
2025-10-11,LOY,会员忠诚计划,35,11.0,26884.0,768.0
2025-10-11,GRP,团队旅游会议,26,8.2,15564.0,599.0
2025-10-11,LNG,长住客,6,1.9,3110.0,518.0
2025-10-12,FIT-WI,上门散客,23,8.7,18155.0,789.0
2025-10-12,FIT-DIR,官网小程序直销,42,15.8,30560.0,728.0
2025-10-12,FIT-OTA,OTA散客,77,29.1,49964.0,649.0
2025-10-12,CORP,协议公司客户,54,20.4,30711.0,569.0
2025-10-12,LOY,会员忠诚计划,34,12.8,21006.0,618.0
2025-10-12,GRP,团队旅游会议,22,8.3,10882.0,495.0
2025-10-12,LNG,长住客,5,1.9,2066.0,413.0
2025-10-13,FIT-WI,上门散客,20,8.7,14498.0,725.0
2025-10-13,FIT-DIR,官网小程序直销,37,16.1,25862.0,699.0
2025-10-13,FIT-OTA,OTA散客,73,31.7,44396.0,608.0
2025-10-13,CORP,协议公司客户,55,23.9,30209.0,549.0
2025-10-13,LOY,会员忠诚计划,25,10.9,15101.0,604.0
2025-10-13,GRP,团队旅游会议,18,7.8,8634.0,480.0
2025-10-13,LNG,长住客,5,2.2,1969.0,394.0
2025-10-14,FIT-WI,上门散客,18,7.3,13430.0,746.0
2025-10-14,FIT-DIR,官网小程序直销,45,18.1,30665.0,681.0
2025-10-14,FIT-OTA,OTA散客,80,32.3,49243.0,616.0
2025-10-14,CORP,协议公司客户,58,23.4,31507.0,543.0
2025-10-14,LOY,会员忠诚计划,29,11.7,18129.0,625.0
2025-10-14,GRP,团队旅游会议,18,7.3,8589.0,477.0
2025-10-14,LNG,长住客,5,2.0,1982.0,396.0
2025-10-15,FIT-WI,上门散客,17,7.2,12661.0,745.0
2025-10-15,FIT-DIR,官网小程序直销,38,16.0,26075.0,686.0
2025-10-15,FIT-OTA,OTA散客,73,30.8,43036.0,590.0
2025-10-15,CORP,协议公司客户,49,20.7,25574.0,522.0
2025-10-15,LOY,会员忠诚计划,27,11.4,15624.0,579.0
2025-10-15,GRP,团队旅游会议,21,8.9,9595.0,457.0
2025-10-15,LNG,长住客,4,1.7,1538.0,384.0
2025-10-16,FIT-WI,上门散客,21,8.2,15332.0,730.0
2025-10-16,FIT-DIR,官网小程序直销,47,18.4,30523.0,649.0
2025-10-16,FIT-OTA,OTA散客,82,32.0,49206.0,600.0
2025-10-16,CORP,协议公司客户,60,23.4,32370.0,540.0
2025-10-16,LOY,会员忠诚计划,33,12.9,19544.0,592.0
2025-10-16,GRP,团队旅游会议,19,7.4,8602.0,453.0
2025-10-16,LNG,长住客,5,2.0,1931.0,386.0
2025-10-17,FIT-WI,上门散客,24,7.5,19344.0,806.0
2025-10-17,FIT-DIR,官网小程序直销,54,17.0,39435.0,730.0
2025-10-17,FIT-OTA,OTA散客,103,32.4,70300.0,683.0
2025-10-17,CORP,协议公司客户,74,23.3,44463.0,601.0
2025-10-17,LOY,会员忠诚计划,34,10.7,23161.0,681.0
2025-10-17,GRP,团队旅游会议,23,7.2,12359.0,537.0
2025-10-17,LNG,长住客,6,1.9,2735.0,456.0
2025-10-18,FIT-WI,上门散客,26,8.2,23469.0,903.0
2025-10-18,FIT-DIR,官网小程序直销,54,17.0,43998.0,815.0
2025-10-18,FIT-OTA,OTA散客,108,34.0,84812.0,785.0
2025-10-18,CORP,协议公司客户,68,21.4,46478.0,684.0
2025-10-18,LOY,会员忠诚计划,38,11.9,27742.0,730.0
2025-10-18,GRP,团队旅游会议,28,8.8,16806.0,600.0
2025-10-18,LNG,长住客,6,1.9,2838.0,473.0
2025-10-19,FIT-WI,上门散客,21,7.4,17589.0,838.0
2025-10-19,FIT-DIR,官网小程序直销,49,17.3,34774.0,710.0
2025-10-19,FIT-OTA,OTA散客,92,32.5,64054.0,696.0
2025-10-19,CORP,协议公司客户,68,24.0,40564.0,597.0
2025-10-19,LOY,会员忠诚计划,34,12.0,21713.0,639.0
2025-10-19,GRP,团队旅游会议,24,8.5,12048.0,502.0
2025-10-19,LNG,长住客,5,1.8,2125.0,425.0
2025-10-20,FIT-WI,上门散客,18,7.8,13844.0,769.0
2025-10-20,FIT-DIR,官网小程序直销,43,18.5,29043.0,675.0
2025-10-20,FIT-OTA,OTA散客,67,28.9,42604.0,636.0
2025-10-20,CORP,协议公司客户,46,19.8,26028.0,566.0
2025-10-20,LOY,会员忠诚计划,28,12.1,18027.0,644.0
2025-10-20,GRP,团队旅游会议,17,7.3,8107.0,477.0
2025-10-20,LNG,长住客,5,2.2,2061.0,412.0
2025-10-21,FIT-WI,上门散客,18,7.3,14214.0,790.0
2025-10-21,FIT-DIR,官网小程序直销,46,18.6,32774.0,712.0
2025-10-21,FIT-OTA,OTA散客,81,32.8,49659.0,613.0
2025-10-21,CORP,协议公司客户,55,22.3,31030.0,564.0
2025-10-21,LOY,会员忠诚计划,27,10.9,16523.0,612.0
2025-10-21,GRP,团队旅游会议,21,8.5,10404.0,495.0
2025-10-21,LNG,长住客,4,1.6,1644.0,411.0
2025-10-22,FIT-WI,上门散客,20,8.5,16373.0,819.0
2025-10-22,FIT-DIR,官网小程序直销,41,17.5,30048.0,733.0
2025-10-22,FIT-OTA,OTA散客,75,32.1,49399.0,659.0
2025-10-22,CORP,协议公司客户,49,20.9,27948.0,570.0
2025-10-22,LOY,会员忠诚计划,26,11.1,15983.0,615.0
2025-10-22,GRP,团队旅游会议,20,8.5,10034.0,502.0
2025-10-22,LNG,长住客,5,2.1,2108.0,422.0
2025-10-23,FIT-WI,上门散客,21,8.0,15917.0,758.0
2025-10-23,FIT-DIR,官网小程序直销,45,17.0,30738.0,683.0
2025-10-23,FIT-OTA,OTA散客,77,29.2,47821.0,621.0
2025-10-23,CORP,协议公司客户,63,23.9,33204.0,527.0
2025-10-23,LOY,会员忠诚计划,31,11.7,19226.0,620.0
2025-10-23,GRP,团队旅游会议,21,8.0,10247.0,488.0
2025-10-23,LNG,长住客,5,1.9,2012.0,402.0
2025-10-24,FIT-WI,上门散客,24,8.0,22281.0,928.0
2025-10-24,FIT-DIR,官网小程序直销,49,16.3,41374.0,844.0
2025-10-24,FIT-OTA,OTA散客,93,31.0,71843.0,773.0
2025-10-24,CORP,协议公司客户,70,23.3,47200.0,674.0
2025-10-24,LOY,会员忠诚计划,39,13.0,28235.0,724.0
2025-10-24,GRP,团队旅游会议,24,8.0,13921.0,580.0
2025-10-24,LNG,长住客,6,2.0,2883.0,481.0
2025-10-25,FIT-WI,上门散客,28,8.8,26272.0,938.0
2025-10-25,FIT-DIR,官网小程序直销,59,18.6,49508.0,839.0
2025-10-25,FIT-OTA,OTA散客,90,28.3,70189.0,780.0
2025-10-25,CORP,协议公司客户,64,20.1,43983.0,687.0
2025-10-25,LOY,会员忠诚计划,39,12.3,29956.0,768.0
2025-10-25,GRP,团队旅游会议,25,7.9,14538.0,582.0
2025-10-25,LNG,长住客,7,2.2,3579.0,511.0
2025-10-26,FIT-WI,上门散客,21,7.5,17003.0,810.0
2025-10-26,FIT-DIR,官网小程序直销,46,16.4,33433.0,727.0
2025-10-26,FIT-OTA,OTA散客,87,31.0,60639.0,697.0
2025-10-26,CORP,协议公司客户,56,19.9,33422.0,597.0
2025-10-26,LOY,会员忠诚计划,34,12.1,21569.0,634.0
2025-10-26,GRP,团队旅游会议,23,8.2,11628.0,506.0
2025-10-26,LNG,长住客,6,2.1,2541.0,424.0
2025-10-27,FIT-WI,上门散客,19,8.3,14371.0,756.0
2025-10-27,FIT-DIR,官网小程序直销,42,18.4,29324.0,698.0
2025-10-27,FIT-OTA,OTA散客,64,28.1,41722.0,652.0
2025-10-27,CORP,协议公司客户,52,22.8,29606.0,569.0
2025-10-27,LOY,会员忠诚计划,30,13.2,19154.0,638.0
2025-10-27,GRP,团队旅游会议,17,7.5,7981.0,469.0
2025-10-27,LNG,长住客,4,1.8,1638.0,409.0
2025-10-28,FIT-WI,上门散客,19,8.1,14095.0,742.0
2025-10-28,FIT-DIR,官网小程序直销,40,16.9,26413.0,660.0
2025-10-28,FIT-OTA,OTA散客,73,30.9,46972.0,643.0
2025-10-28,CORP,协议公司客户,55,23.3,29007.0,527.0
2025-10-28,LOY,会员忠诚计划,26,11.0,15221.0,585.0
2025-10-28,GRP,团队旅游会议,18,7.6,8545.0,475.0
2025-10-28,LNG,长住客,4,1.7,1555.0,389.0
2025-10-29,FIT-WI,上门散客,20,8.5,15394.0,770.0
2025-10-29,FIT-DIR,官网小程序直销,38,16.2,26806.0,705.0
2025-10-29,FIT-OTA,OTA散客,78,33.3,51965.0,666.0
2025-10-29,CORP,协议公司客户,55,23.5,30200.0,549.0
2025-10-29,LOY,会员忠诚计划,29,12.4,18378.0,634.0
2025-10-29,GRP,团队旅游会议,19,8.1,8878.0,467.0
2025-10-29,LNG,长住客,5,2.1,2102.0,420.0
2025-10-30,FIT-WI,上门散客,19,7.6,14793.0,779.0
2025-10-30,FIT-DIR,官网小程序直销,41,16.4,27550.0,672.0
2025-10-30,FIT-OTA,OTA散客,76,30.4,49189.0,647.0
2025-10-30,CORP,协议公司客户,56,22.4,30560.0,546.0
2025-10-30,LOY,会员忠诚计划,31,12.4,18356.0,592.0
2025-10-30,GRP,团队旅游会议,19,7.6,8601.0,453.0
2025-10-30,LNG,长住客,5,2.0,1978.0,396.0
2025-10-31,FIT-WI,上门散客,27,8.6,23130.0,857.0
2025-10-31,FIT-DIR,官网小程序直销,54,17.3,40608.0,752.0
2025-10-31,FIT-OTA,OTA散客,90,28.8,63050.0,701.0
2025-10-31,CORP,协议公司客户,71,22.7,40632.0,572.0
2025-10-31,LOY,会员忠诚计划,41,13.1,27037.0,659.0
2025-10-31,GRP,团队旅游会议,25,8.0,13235.0,529.0
2025-10-31,LNG,长住客,6,1.9,2615.0,436.0
2025-11-01,FIT-WI,上门散客,22,7.9,17133.0,779.0
2025-11-01,FIT-DIR,官网小程序直销,51,18.3,36299.0,712.0
2025-11-01,FIT-OTA,OTA散客,78,28.0,48738.0,625.0
2025-11-01,CORP,协议公司客户,64,22.9,34905.0,545.0
2025-11-01,LOY,会员忠诚计划,34,12.2,21212.0,624.0
2025-11-01,GRP,团队旅游会议,21,7.5,9979.0,475.0
2025-11-01,LNG,长住客,5,1.8,2045.0,409.0
2025-11-02,FIT-WI,上门散客,19,7.7,13699.0,721.0
2025-11-02,FIT-DIR,官网小程序直销,40,16.2,26170.0,654.0
2025-11-02,FIT-OTA,OTA散客,84,34.0,47148.0,561.0
2025-11-02,CORP,协议公司客户,50,20.2,25767.0,515.0
2025-11-02,LOY,会员忠诚计划,30,12.1,16315.0,544.0
2025-11-02,GRP,团队旅游会议,21,8.5,9095.0,433.0
2025-11-02,LNG,长住客,5,2.0,1850.0,370.0
2025-11-03,FIT-WI,上门散客,17,8.0,10831.0,637.0
2025-11-03,FIT-DIR,官网小程序直销,37,17.4,21729.0,587.0
2025-11-03,FIT-OTA,OTA散客,64,30.0,35335.0,552.0
2025-11-03,CORP,协议公司客户,42,19.7,20700.0,493.0
2025-11-03,LOY,会员忠诚计划,25,11.7,13515.0,541.0
2025-11-03,GRP,团队旅游会议,15,7.0,6390.0,426.0
2025-11-03,LNG,长住客,4,1.9,1378.0,345.0
2025-11-04,FIT-WI,上门散客,19,8.2,13651.0,718.0
2025-11-04,FIT-DIR,官网小程序直销,43,18.5,27457.0,639.0
2025-11-04,FIT-OTA,OTA散客,76,32.8,45475.0,598.0
2025-11-04,CORP,协议公司客户,54,23.3,26792.0,496.0
2025-11-04,LOY,会员忠诚计划,31,13.4,17436.0,562.0
2025-11-04,GRP,团队旅游会议,18,7.8,8171.0,454.0
2025-11-04,LNG,长住客,5,2.2,1871.0,374.0
2025-11-05,FIT-WI,上门散客,16,7.5,11368.0,711.0
2025-11-05,FIT-DIR,官网小程序直销,38,17.8,22611.0,595.0
2025-11-05,FIT-OTA,OTA散客,61,28.6,35696.0,585.0
2025-11-05,CORP,协议公司客户,46,21.6,21853.0,475.0
2025-11-05,LOY,会员忠诚计划,28,13.1,14951.0,534.0
2025-11-05,GRP,团队旅游会议,18,8.5,7975.0,443.0
2025-11-05,LNG,长住客,4,1.9,1461.0,365.0
2025-11-06,FIT-WI,上门散客,16,7.4,11689.0,731.0
2025-11-06,FIT-DIR,官网小程序直销,34,15.7,21590.0,635.0
2025-11-06,FIT-OTA,OTA散客,71,32.9,41714.0,588.0
2025-11-06,CORP,协议公司客户,46,21.3,22799.0,496.0
2025-11-06,LOY,会员忠诚计划,26,12.0,15178.0,584.0
2025-11-06,GRP,团队旅游会议,16,7.4,7218.0,451.0
2025-11-06,LNG,长住客,4,1.9,1536.0,384.0
2025-11-07,FIT-WI,上门散客,20,7.5,15292.0,765.0
2025-11-07,FIT-DIR,官网小程序直销,43,16.2,30130.0,701.0
2025-11-07,FIT-OTA,OTA散客,82,30.8,53080.0,647.0
2025-11-07,CORP,协议公司客户,62,23.3,34547.0,557.0
2025-11-07,LOY,会员忠诚计划,32,12.0,19392.0,606.0
2025-11-07,GRP,团队旅游会议,22,8.3,10652.0,484.0
2025-11-07,LNG,长住客,5,1.9,1936.0,387.0
2025-11-08,FIT-WI,上门散客,27,8.5,24833.0,920.0
2025-11-08,FIT-DIR,官网小程序直销,49,15.4,40399.0,824.0
2025-11-08,FIT-OTA,OTA散客,102,32.1,79543.0,780.0
2025-11-08,CORP,协议公司客户,71,22.3,46007.0,648.0
2025-11-08,LOY,会员忠诚计划,37,11.6,26648.0,720.0
2025-11-08,GRP,团队旅游会议,27,8.5,15174.0,562.0
2025-11-08,LNG,长住客,6,1.9,2780.0,463.0
2025-11-09,FIT-WI,上门散客,21,7.5,15793.0,752.0
2025-11-09,FIT-DIR,官网小程序直销,49,17.5,33874.0,691.0
2025-11-09,FIT-OTA,OTA散客,85,30.4,54570.0,642.0
2025-11-09,CORP,协议公司客户,63,22.5,33418.0,530.0
2025-11-09,LOY,会员忠诚计划,31,11.1,18495.0,597.0
2025-11-09,GRP,团队旅游会议,22,7.9,10157.0,462.0
2025-11-09,LNG,长住客,5,1.8,2053.0,411.0
2025-11-10,FIT-WI,上门散客,17,8.0,11869.0,698.0
2025-11-10,FIT-DIR,官网小程序直销,34,16.0,21423.0,630.0
2025-11-10,FIT-OTA,OTA散客,70,32.9,39088.0,558.0
2025-11-10,CORP,协议公司客户,47,22.1,23293.0,496.0
2025-11-10,LOY,会员忠诚计划,24,11.3,12800.0,533.0
2025-11-10,GRP,团队旅游会议,18,8.5,7402.0,411.0
2025-11-10,LNG,长住客,4,1.9,1419.0,355.0
2025-11-11,FIT-WI,上门散客,18,8.1,12866.0,715.0
2025-11-11,FIT-DIR,官网小程序直销,40,17.9,25672.0,642.0
2025-11-11,FIT-OTA,OTA散客,75,33.6,43328.0,578.0
2025-11-11,CORP,协议公司客户,48,21.5,23563.0,491.0
2025-11-11,LOY,会员忠诚计划,25,11.2,14354.0,574.0
2025-11-11,GRP,团队旅游会议,19,8.5,8500.0,447.0
2025-11-11,LNG,长住客,5,2.2,1901.0,380.0
2025-11-12,FIT-WI,上门散客,17,7.8,11253.0,662.0
2025-11-12,FIT-DIR,官网小程序直销,37,17.0,21606.0,584.0
2025-11-12,FIT-OTA,OTA散客,66,30.3,35531.0,538.0
2025-11-12,CORP,协议公司客户,48,22.0,23707.0,494.0
2025-11-12,LOY,会员忠诚计划,26,11.9,14314.0,551.0
2025-11-12,GRP,团队旅游会议,16,7.3,6783.0,424.0
2025-11-12,LNG,长住客,4,1.8,1384.0,346.0
2025-11-13,FIT-WI,上门散客,19,8.0,13339.0,702.0
2025-11-13,FIT-DIR,官网小程序直销,38,16.0,23868.0,628.0
2025-11-13,FIT-OTA,OTA散客,71,30.0,38856.0,547.0
2025-11-13,CORP,协议公司客户,55,23.2,26449.0,481.0
2025-11-13,LOY,会员忠诚计划,26,11.0,14648.0,563.0
2025-11-13,GRP,团队旅游会议,19,8.0,8298.0,437.0
2025-11-13,LNG,长住客,4,1.7,1458.0,364.0
2025-11-14,FIT-WI,上门散客,19,7.3,13535.0,712.0
2025-11-14,FIT-DIR,官网小程序直销,41,15.8,28250.0,689.0
2025-11-14,FIT-OTA,OTA散客,83,31.9,49835.0,600.0
2025-11-14,CORP,协议公司客户,53,20.4,29159.0,550.0
2025-11-14,LOY,会员忠诚计划,30,11.5,17694.0,590.0
2025-11-14,GRP,团队旅游会议,20,7.7,9519.0,476.0
2025-11-14,LNG,长住客,6,2.3,2349.0,391.0
2025-11-15,FIT-WI,上门散客,21,7.4,16410.0,781.0
2025-11-15,FIT-DIR,官网小程序直销,45,15.8,31646.0,703.0
2025-11-15,FIT-OTA,OTA散客,90,31.7,61580.0,684.0
2025-11-15,CORP,协议公司客户,57,20.1,33125.0,581.0
2025-11-15,LOY,会员忠诚计划,34,12.0,22527.0,663.0
2025-11-15,GRP,团队旅游会议,22,7.7,11262.0,512.0
2025-11-15,LNG,长住客,6,2.1,2612.0,435.0
2025-11-16,FIT-WI,上门散客,21,8.5,14692.0,700.0
2025-11-16,FIT-DIR,官网小程序直销,40,16.2,25372.0,634.0
2025-11-16,FIT-OTA,OTA散客,82,33.2,47207.0,576.0
2025-11-16,CORP,协议公司客户,58,23.5,30361.0,523.0
2025-11-16,LOY,会员忠诚计划,28,11.3,16429.0,587.0
2025-11-16,GRP,团队旅游会议,21,8.5,9590.0,457.0
2025-11-16,LNG,长住客,5,2.0,1901.0,380.0
2025-11-17,FIT-WI,上门散客,17,7.5,11012.0,648.0
2025-11-17,FIT-DIR,官网小程序直销,37,16.3,22816.0,617.0
2025-11-17,FIT-OTA,OTA散客,74,32.6,40137.0,542.0
2025-11-17,CORP,协议公司客户,49,21.6,23830.0,486.0
2025-11-17,LOY,会员忠诚计划,28,12.3,15191.0,543.0
2025-11-17,GRP,团队旅游会议,18,7.9,7575.0,421.0
2025-11-17,LNG,长住客,4,1.8,1403.0,351.0
2025-11-18,FIT-WI,上门散客,19,8.5,13241.0,697.0
2025-11-18,FIT-DIR,官网小程序直销,39,17.5,24155.0,619.0
2025-11-18,FIT-OTA,OTA散客,70,31.4,39622.0,566.0
2025-11-18,CORP,协议公司客户,53,23.8,26418.0,498.0
2025-11-18,LOY,会员忠诚计划,26,11.7,15113.0,581.0
2025-11-18,GRP,团队旅游会议,18,8.1,7903.0,439.0
2025-11-18,LNG,长住客,4,1.8,1548.0,387.0
2025-11-19,FIT-WI,上门散客,18,8.3,12503.0,695.0
2025-11-19,FIT-DIR,官网小程序直销,39,17.9,23915.0,613.0
2025-11-19,FIT-OTA,OTA散客,66,30.3,36985.0,560.0
2025-11-19,CORP,协议公司客户,51,23.4,25364.0,497.0
2025-11-19,LOY,会员忠诚计划,25,11.5,14071.0,563.0
2025-11-19,GRP,团队旅游会议,18,8.3,7580.0,421.0
2025-11-19,LNG,长住客,5,2.3,1808.0,362.0
2025-11-20,FIT-WI,上门散客,18,7.6,12490.0,694.0
2025-11-20,FIT-DIR,官网小程序直销,43,18.1,27626.0,642.0
2025-11-20,FIT-OTA,OTA散客,76,32.1,44585.0,587.0
2025-11-20,CORP,协议公司客户,56,23.6,28273.0,505.0
2025-11-20,LOY,会员忠诚计划,28,11.8,15890.0,567.0
2025-11-20,GRP,团队旅游会议,21,8.9,9725.0,463.0
2025-11-20,LNG,长住客,4,1.7,1553.0,388.0
2025-11-21,FIT-WI,上门散客,23,8.5,17272.0,751.0
2025-11-21,FIT-DIR,官网小程序直销,47,17.4,30967.0,659.0
2025-11-21,FIT-OTA,OTA散客,83,30.7,51079.0,615.0
2025-11-21,CORP,协议公司客户,63,23.3,33562.0,533.0
2025-11-21,LOY,会员忠诚计划,32,11.9,18958.0,592.0
2025-11-21,GRP,团队旅游会议,20,7.4,9643.0,482.0
2025-11-21,LNG,长住客,5,1.9,1982.0,396.0
2025-11-22,FIT-WI,上门散客,26,8.6,19783.0,761.0
2025-11-22,FIT-DIR,官网小程序直销,51,16.8,36447.0,715.0
2025-11-22,FIT-OTA,OTA散客,89,29.4,57485.0,646.0
2025-11-22,CORP,协议公司客户,67,22.1,38837.0,580.0
2025-11-22,LOY,会员忠诚计划,33,10.9,21684.0,657.0
2025-11-22,GRP,团队旅游会议,22,7.3,10742.0,488.0
2025-11-22,LNG,长住客,5,1.7,2057.0,411.0
2025-11-23,FIT-WI,上门散客,20,8.4,14864.0,743.0
2025-11-23,FIT-DIR,官网小程序直销,44,18.5,29477.0,670.0
2025-11-23,FIT-OTA,OTA散客,77,32.4,48379.0,628.0
2025-11-23,CORP,协议公司客户,50,21.0,26355.0,527.0
2025-11-23,LOY,会员忠诚计划,31,13.0,17936.0,579.0
2025-11-23,GRP,团队旅游会议,18,7.6,8382.0,466.0
2025-11-23,LNG,长住客,5,2.1,1858.0,372.0
2025-11-24,FIT-WI,上门散客,20,8.7,13598.0,680.0
2025-11-24,FIT-DIR,官网小程序直销,40,17.4,23100.0,578.0
2025-11-24,FIT-OTA,OTA散客,65,28.3,36261.0,558.0
2025-11-24,CORP,协议公司客户,46,20.0,22151.0,482.0
2025-11-24,LOY,会员忠诚计划,25,10.9,13341.0,534.0
2025-11-24,GRP,团队旅游会议,19,8.3,7778.0,409.0
2025-11-24,LNG,长住客,4,1.7,1420.0,355.0
2025-11-25,FIT-WI,上门散客,19,8.6,13340.0,702.0
2025-11-25,FIT-DIR,官网小程序直销,37,16.8,23285.0,629.0
2025-11-25,FIT-OTA,OTA散客,64,29.1,39776.0,622.0
2025-11-25,CORP,协议公司客户,49,22.3,25300.0,516.0
2025-11-25,LOY,会员忠诚计划,29,13.2,16796.0,579.0
2025-11-25,GRP,团队旅游会议,18,8.2,8153.0,453.0
2025-11-25,LNG,长住客,5,2.3,1884.0,377.0
2025-11-26,FIT-WI,上门散客,18,8.4,12328.0,685.0
2025-11-26,FIT-DIR,官网小程序直销,34,15.9,21063.0,620.0
2025-11-26,FIT-OTA,OTA散客,69,32.2,37337.0,541.0
2025-11-26,CORP,协议公司客户,51,23.8,24134.0,473.0
2025-11-26,LOY,会员忠诚计划,26,12.1,14405.0,554.0
2025-11-26,GRP,团队旅游会议,18,8.4,7394.0,411.0
2025-11-26,LNG,长住客,5,2.3,1768.0,354.0
2025-11-27,FIT-WI,上门散客,16,7.2,10547.0,659.0
2025-11-27,FIT-DIR,官网小程序直销,38,17.1,22719.0,598.0
2025-11-27,FIT-OTA,OTA散客,67,30.2,38612.0,576.0
2025-11-27,CORP,协议公司客户,50,22.5,24538.0,491.0
2025-11-27,LOY,会员忠诚计划,25,11.3,14083.0,563.0
2025-11-27,GRP,团队旅游会议,17,7.7,7253.0,427.0
2025-11-27,LNG,长住客,5,2.3,1869.0,374.0
2025-11-28,FIT-WI,上门散客,22,8.8,16191.0,736.0
2025-11-28,FIT-DIR,官网小程序直销,38,15.3,25351.0,667.0
2025-11-28,FIT-OTA,OTA散客,75,30.1,46097.0,615.0
2025-11-28,CORP,协议公司客户,55,22.1,28385.0,516.0
2025-11-28,LOY,会员忠诚计划,28,11.2,16760.0,599.0
2025-11-28,GRP,团队旅游会议,19,7.6,8493.0,447.0
2025-11-28,LNG,长住客,5,2.0,1870.0,374.0
2025-11-29,FIT-WI,上门散客,23,8.3,18159.0,790.0
2025-11-29,FIT-DIR,官网小程序直销,45,16.2,32030.0,712.0
2025-11-29,FIT-OTA,OTA散客,90,32.4,60604.0,673.0
2025-11-29,CORP,协议公司客户,64,23.0,37596.0,587.0
2025-11-29,LOY,会员忠诚计划,33,11.9,21428.0,649.0
2025-11-29,GRP,团队旅游会议,21,7.6,10493.0,500.0
2025-11-29,LNG,长住客,6,2.2,2423.0,404.0
2025-11-30,FIT-WI,上门散客,21,8.4,15132.0,721.0
2025-11-30,FIT-DIR,官网小程序直销,42,16.7,28607.0,681.0
2025-11-30,FIT-OTA,OTA散客,71,28.3,44336.0,624.0
2025-11-30,CORP,协议公司客户,57,22.7,30250.0,531.0
2025-11-30,LOY,会员忠诚计划,32,12.7,19694.0,615.0
2025-11-30,GRP,团队旅游会议,21,8.4,9459.0,450.0
2025-11-30,LNG,长住客,5,2.0,1949.0,390.0
2025-12-01,FIT-WI,上门散客,14,7.5,8653.0,618.0
2025-12-01,FIT-DIR,官网小程序直销,30,16.1,16547.0,552.0
2025-12-01,FIT-OTA,OTA散客,61,32.8,31683.0,519.0
2025-12-01,CORP,协议公司客户,38,20.4,17460.0,459.0
2025-12-01,LOY,会员忠诚计划,20,10.8,10374.0,519.0
2025-12-01,GRP,团队旅游会议,15,8.1,5888.0,393.0
2025-12-01,LNG,长住客,3,1.6,1022.0,341.0
2025-12-02,FIT-WI,上门散客,16,8.5,9364.0,585.0
2025-12-02,FIT-DIR,官网小程序直销,32,17.0,16198.0,506.0
2025-12-02,FIT-OTA,OTA散客,62,33.0,30733.0,496.0
2025-12-02,CORP,协议公司客户,41,21.8,16676.0,407.0
2025-12-02,LOY,会员忠诚计划,24,12.8,11535.0,481.0
2025-12-02,GRP,团队旅游会议,14,7.4,5109.0,365.0
2025-12-02,LNG,长住客,4,2.1,1215.0,304.0
2025-12-03,FIT-WI,上门散客,16,7.9,10279.0,642.0
2025-12-03,FIT-DIR,官网小程序直销,33,16.3,19082.0,578.0
2025-12-03,FIT-OTA,OTA散客,63,31.2,34069.0,541.0
2025-12-03,CORP,协议公司客户,45,22.3,20807.0,462.0
2025-12-03,LOY,会员忠诚计划,26,12.9,13065.0,503.0
2025-12-03,GRP,团队旅游会议,16,7.9,6458.0,404.0
2025-12-03,LNG,长住客,4,2.0,1384.0,346.0
2025-12-04,FIT-WI,上门散客,18,8.5,10505.0,584.0
2025-12-04,FIT-DIR,官网小程序直销,33,15.6,18131.0,549.0
2025-12-04,FIT-OTA,OTA散客,64,30.3,31565.0,493.0
2025-12-04,CORP,协议公司客户,44,20.9,18577.0,422.0
2025-12-04,LOY,会员忠诚计划,26,12.3,12586.0,484.0
2025-12-04,GRP,团队旅游会议,18,8.5,6508.0,362.0
2025-12-04,LNG,长住客,4,1.9,1291.0,323.0
2025-12-05,FIT-WI,上门散客,18,8.3,12615.0,701.0
2025-12-05,FIT-DIR,官网小程序直销,35,16.1,21437.0,612.0
2025-12-05,FIT-OTA,OTA散客,63,28.9,37186.0,590.0
2025-12-05,CORP,协议公司客户,48,22.0,24157.0,503.0
2025-12-05,LOY,会员忠诚计划,24,11.0,13880.0,578.0
2025-12-05,GRP,团队旅游会议,18,8.3,7886.0,438.0
2025-12-05,LNG,长住客,4,1.8,1452.0,363.0
2025-12-06,FIT-WI,上门散客,22,8.3,15736.0,715.0
2025-12-06,FIT-DIR,官网小程序直销,41,15.5,26897.0,656.0
2025-12-06,FIT-OTA,OTA散客,84,31.8,49547.0,590.0
2025-12-06,CORP,协议公司客户,56,21.2,29098.0,520.0
2025-12-06,LOY,会员忠诚计划,33,12.5,18356.0,556.0
2025-12-06,GRP,团队旅游会议,21,8.0,9141.0,435.0
2025-12-06,LNG,长住客,5,1.9,1884.0,377.0
2025-12-07,FIT-WI,上门散客,16,7.5,10122.0,633.0
2025-12-07,FIT-DIR,官网小程序直销,39,18.4,21612.0,554.0
2025-12-07,FIT-OTA,OTA散客,68,32.1,36724.0,540.0
2025-12-07,CORP,协议公司客户,51,24.1,23315.0,457.0
2025-12-07,LOY,会员忠诚计划,28,13.2,13881.0,496.0
2025-12-07,GRP,团队旅游会议,16,7.5,6126.0,383.0
2025-12-07,LNG,长住客,4,1.9,1298.0,324.0
2025-12-08,FIT-WI,上门散客,15,7.9,9438.0,629.0
2025-12-08,FIT-DIR,官网小程序直销,30,15.8,16835.0,561.0
2025-12-08,FIT-OTA,OTA散客,62,32.6,31998.0,516.0
2025-12-08,CORP,协议公司客户,45,23.7,20126.0,447.0
2025-12-08,LOY,会员忠诚计划,24,12.6,12511.0,521.0
2025-12-08,GRP,团队旅游会议,14,7.4,5324.0,380.0
2025-12-08,LNG,长住客,4,2.1,1350.0,337.0
2025-12-09,FIT-WI,上门散客,14,7.6,8830.0,631.0
2025-12-09,FIT-DIR,官网小程序直销,35,18.9,18925.0,541.0
2025-12-09,FIT-OTA,OTA散客,55,29.7,28908.0,526.0
2025-12-09,CORP,协议公司客户,43,23.2,19219.0,447.0
2025-12-09,LOY,会员忠诚计划,20,10.8,9778.0,489.0
2025-12-09,GRP,团队旅游会议,14,7.6,5519.0,394.0
2025-12-09,LNG,长住客,3,1.6,1006.0,335.0
2025-12-10,FIT-WI,上门散客,15,8.0,9687.0,646.0
2025-12-10,FIT-DIR,官网小程序直销,33,17.6,18606.0,564.0
2025-12-10,FIT-OTA,OTA散客,59,31.4,30387.0,515.0
2025-12-10,CORP,协议公司客户,45,23.9,19743.0,439.0
2025-12-10,LOY,会员忠诚计划,23,12.2,11251.0,489.0
2025-12-10,GRP,团队旅游会议,16,8.5,6206.0,388.0
2025-12-10,LNG,长住客,4,2.1,1319.0,330.0
2025-12-11,FIT-WI,上门散客,16,8.1,9696.0,606.0
2025-12-11,FIT-DIR,官网小程序直销,36,18.2,20655.0,574.0
2025-12-11,FIT-OTA,OTA散客,57,28.8,30137.0,529.0
2025-12-11,CORP,协议公司客户,44,22.2,19859.0,451.0
2025-12-11,LOY,会员忠诚计划,25,12.6,12808.0,512.0
2025-12-11,GRP,团队旅游会议,14,7.1,5332.0,381.0
2025-12-11,LNG,长住客,4,2.0,1253.0,313.0
2025-12-12,FIT-WI,上门散客,19,7.9,13112.0,690.0
2025-12-12,FIT-DIR,官网小程序直销,41,17.0,25313.0,617.0
2025-12-12,FIT-OTA,OTA散客,67,27.8,38297.0,572.0
2025-12-12,CORP,协议公司客户,49,20.3,25219.0,515.0
2025-12-12,LOY,会员忠诚计划,28,11.6,14973.0,535.0
2025-12-12,GRP,团队旅游会议,18,7.5,7496.0,416.0
2025-12-12,LNG,长住客,5,2.1,1839.0,368.0
2025-12-13,FIT-WI,上门散客,20,7.7,13709.0,685.0
2025-12-13,FIT-DIR,官网小程序直销,47,18.1,29059.0,618.0
2025-12-13,FIT-OTA,OTA散客,73,28.2,39547.0,542.0
2025-12-13,CORP,协议公司客户,57,22.0,27756.0,487.0
2025-12-13,LOY,会员忠诚计划,34,13.1,18410.0,541.0
2025-12-13,GRP,团队旅游会议,21,8.1,8521.0,406.0
2025-12-13,LNG,长住客,5,1.9,1828.0,366.0
2025-12-14,FIT-WI,上门散客,17,8.1,10824.0,637.0
2025-12-14,FIT-DIR,官网小程序直销,35,16.6,20116.0,575.0
2025-12-14,FIT-OTA,OTA散客,63,29.9,33157.0,526.0
2025-12-14,CORP,协议公司客户,48,22.7,20896.0,435.0
2025-12-14,LOY,会员忠诚计划,24,11.4,12107.0,504.0
2025-12-14,GRP,团队旅游会议,17,8.1,6481.0,381.0
2025-12-14,LNG,长住客,4,1.9,1358.0,340.0
2025-12-15,FIT-WI,上门散客,17,8.9,10535.0,620.0
2025-12-15,FIT-DIR,官网小程序直销,33,17.3,18465.0,560.0
2025-12-15,FIT-OTA,OTA散客,60,31.4,30376.0,506.0
2025-12-15,CORP,协议公司客户,39,20.4,17901.0,459.0
2025-12-15,LOY,会员忠诚计划,22,11.5,10902.0,496.0
2025-12-15,GRP,团队旅游会议,16,8.4,6510.0,407.0
2025-12-15,LNG,长住客,4,2.1,1366.0,342.0
2025-12-16,FIT-WI,上门散客,14,7.5,8549.0,611.0
2025-12-16,FIT-DIR,官网小程序直销,34,18.2,18550.0,546.0
2025-12-16,FIT-OTA,OTA散客,63,33.7,31750.0,504.0
2025-12-16,CORP,协议公司客户,38,20.3,16166.0,425.0
2025-12-16,LOY,会员忠诚计划,22,11.8,10816.0,492.0
2025-12-16,GRP,团队旅游会议,16,8.6,5738.0,359.0
2025-12-16,LNG,长住客,4,2.1,1275.0,319.0
2025-12-17,FIT-WI,上门散客,14,7.2,8745.0,625.0
2025-12-17,FIT-DIR,官网小程序直销,36,18.6,20990.0,583.0
2025-12-17,FIT-OTA,OTA散客,61,31.4,31823.0,522.0
2025-12-17,CORP,协议公司客户,40,20.6,18866.0,472.0
2025-12-17,LOY,会员忠诚计划,23,11.9,11654.0,507.0
2025-12-17,GRP,团队旅游会议,14,7.2,5672.0,405.0
2025-12-17,LNG,长住客,4,2.1,1357.0,339.0
2025-12-18,FIT-WI,上门散客,17,8.9,10950.0,644.0
2025-12-18,FIT-DIR,官网小程序直销,35,18.2,19918.0,569.0
2025-12-18,FIT-OTA,OTA散客,55,28.6,28347.0,515.0
2025-12-18,CORP,协议公司客户,39,20.3,17556.0,450.0
2025-12-18,LOY,会员忠诚计划,21,10.9,11239.0,535.0
2025-12-18,GRP,团队旅游会议,14,7.3,5721.0,409.0
2025-12-18,LNG,长住客,4,2.1,1363.0,341.0
2025-12-19,FIT-WI,上门散客,18,7.9,12029.0,668.0
2025-12-19,FIT-DIR,官网小程序直销,39,17.0,24769.0,635.0
2025-12-19,FIT-OTA,OTA散客,69,30.1,39346.0,570.0
2025-12-19,CORP,协议公司客户,54,23.6,26979.0,500.0
2025-12-19,LOY,会员忠诚计划,29,12.7,15998.0,552.0
2025-12-19,GRP,团队旅游会议,18,7.9,7465.0,415.0
2025-12-19,LNG,长住客,5,2.2,1737.0,347.0
2025-12-20,FIT-WI,上门散客,21,8.6,15372.0,732.0
2025-12-20,FIT-DIR,官网小程序直销,42,17.1,27479.0,654.0
2025-12-20,FIT-OTA,OTA散客,74,30.2,44220.0,598.0
2025-12-20,CORP,协议公司客户,59,24.1,30834.0,523.0
2025-12-20,LOY,会员忠诚计划,29,11.8,17248.0,595.0
2025-12-20,GRP,团队旅游会议,21,8.6,9553.0,455.0
2025-12-20,LNG,长住客,5,2.0,1964.0,393.0
2025-12-21,FIT-WI,上门散客,18,8.3,11862.0,659.0
2025-12-21,FIT-DIR,官网小程序直销,38,17.5,21547.0,567.0
2025-12-21,FIT-OTA,OTA散客,61,28.1,31380.0,514.0
2025-12-21,CORP,协议公司客户,52,24.0,24229.0,466.0
2025-12-21,LOY,会员忠诚计划,24,11.1,12827.0,534.0
2025-12-21,GRP,团队旅游会议,17,7.8,6996.0,412.0
2025-12-21,LNG,长住客,4,1.8,1378.0,345.0
2025-12-22,FIT-WI,上门散客,16,8.7,9676.0,605.0
2025-12-22,FIT-DIR,官网小程序直销,28,15.3,16134.0,576.0
2025-12-22,FIT-OTA,OTA散客,53,29.0,26471.0,499.0
2025-12-22,CORP,协议公司客户,41,22.4,17720.0,432.0
2025-12-22,LOY,会员忠诚计划,22,12.0,10586.0,481.0
2025-12-22,GRP,团队旅游会议,15,8.2,5936.0,396.0
2025-12-22,LNG,长住客,4,2.2,1269.0,317.0
2025-12-23,FIT-WI,上门散客,16,8.3,9761.0,610.0
2025-12-23,FIT-DIR,官网小程序直销,31,16.1,16893.0,545.0
2025-12-23,FIT-OTA,OTA散客,63,32.8,32335.0,513.0
2025-12-23,CORP,协议公司客户,46,24.0,20388.0,443.0
2025-12-23,LOY,会员忠诚计划,23,12.0,11968.0,520.0
2025-12-23,GRP,团队旅游会议,15,7.8,5956.0,397.0
2025-12-23,LNG,长住客,4,2.1,1273.0,318.0
2025-12-24,FIT-WI,上门散客,15,7.6,9127.0,608.0
2025-12-24,FIT-DIR,官网小程序直销,34,17.3,19729.0,580.0
2025-12-24,FIT-OTA,OTA散客,65,33.0,33852.0,521.0
2025-12-24,CORP,协议公司客户,44,22.3,19679.0,447.0
2025-12-24,LOY,会员忠诚计划,25,12.7,13102.0,524.0
2025-12-24,GRP,团队旅游会议,15,7.6,5687.0,379.0
2025-12-24,LNG,长住客,4,2.0,1338.0,334.0
2025-12-25,FIT-WI,上门散客,15,7.5,8929.0,595.0
2025-12-25,FIT-DIR,官网小程序直销,33,16.4,17845.0,541.0
2025-12-25,FIT-OTA,OTA散客,68,33.8,35022.0,515.0
2025-12-25,CORP,协议公司客户,41,20.4,18312.0,447.0
2025-12-25,LOY,会员忠诚计划,23,11.4,10996.0,478.0
2025-12-25,GRP,团队旅游会议,15,7.5,5421.0,361.0
2025-12-25,LNG,长住客,4,2.0,1280.0,320.0
2025-12-26,FIT-WI,上门散客,18,7.7,11666.0,648.0
2025-12-26,FIT-DIR,官网小程序直销,42,18.0,25488.0,607.0
2025-12-26,FIT-OTA,OTA散客,72,30.9,38525.0,535.0
2025-12-26,CORP,协议公司客户,55,23.6,27275.0,496.0
2025-12-26,LOY,会员忠诚计划,26,11.2,13796.0,531.0
2025-12-26,GRP,团队旅游会议,20,8.6,8150.0,407.0
2025-12-26,LNG,长住客,5,2.1,1797.0,359.0
2025-12-27,FIT-WI,上门散客,23,8.6,15650.0,680.0
2025-12-27,FIT-DIR,官网小程序直销,45,16.9,27573.0,613.0
2025-12-27,FIT-OTA,OTA散客,78,29.3,46085.0,591.0
2025-12-27,CORP,协议公司客户,57,21.4,27653.0,485.0
2025-12-27,LOY,会员忠诚计划,30,11.3,16863.0,562.0
2025-12-27,GRP,团队旅游会议,23,8.6,9591.0,417.0
2025-12-27,LNG,长住客,5,1.9,1864.0,373.0
2025-12-28,FIT-WI,上门散客,19,8.7,11645.0,613.0
2025-12-28,FIT-DIR,官网小程序直销,36,16.4,19777.0,549.0
2025-12-28,FIT-OTA,OTA散客,69,31.5,36533.0,529.0
2025-12-28,CORP,协议公司客户,48,21.9,21887.0,456.0
2025-12-28,LOY,会员忠诚计划,24,11.0,11804.0,492.0
2025-12-28,GRP,团队旅游会议,19,8.7,7129.0,375.0
2025-12-28,LNG,长住客,5,2.3,1676.0,335.0
2025-12-29,FIT-WI,上门散客,15,8.0,8928.0,595.0
2025-12-29,FIT-DIR,官网小程序直销,33,17.6,18166.0,550.0
2025-12-29,FIT-OTA,OTA散客,61,32.6,30816.0,505.0
2025-12-29,CORP,协议公司客户,43,23.0,19409.0,451.0
2025-12-29,LOY,会员忠诚计划,24,12.8,11405.0,475.0
2025-12-29,GRP,团队旅游会议,15,8.0,5650.0,377.0
2025-12-29,LNG,长住客,4,2.1,1317.0,329.0
2025-12-30,FIT-WI,上门散客,16,7.8,10017.0,626.0
2025-12-30,FIT-DIR,官网小程序直销,32,15.6,18469.0,577.0
2025-12-30,FIT-OTA,OTA散客,60,29.3,31036.0,517.0
2025-12-30,CORP,协议公司客户,44,21.5,18877.0,429.0
2025-12-30,LOY,会员忠诚计划,25,12.2,11940.0,478.0
2025-12-30,GRP,团队旅游会议,15,7.3,5938.0,396.0
2025-12-30,LNG,长住客,4,2.0,1280.0,320.0
2025-12-31,FIT-WI,上门散客,17,8.2,11036.0,649.0
2025-12-31,FIT-DIR,官网小程序直销,38,18.4,22236.0,585.0
2025-12-31,FIT-OTA,OTA散客,61,29.5,30891.0,506.0
2025-12-31,CORP,协议公司客户,41,19.8,19219.0,469.0
2025-12-31,LOY,会员忠诚计划,27,13.0,13545.0,502.0
2025-12-31,GRP,团队旅游会议,17,8.2,6451.0,379.0
2025-12-31,LNG,长住客,4,1.9,1386.0,346.0
